date,strategy,baseline
2026-04-01,1.0,1.0
2026-04-02,0.9961674730150485,0.9961674730150485
2026-04-06,1.0023413024977452,1.0023413024977452
2026-04-07,1.0097958226213788,1.0097958226213788
2026-04-08,1.0320049538500677,1.0320049538500677
2026-04-09,1.041344806390251,1.041344806390251
2026-04-10,1.0433843467121333,1.043384346712133
2026-04-13,1.055361007895801,1.0553610078958007
2026-04-14,1.0703185534127435,1.0703185534127433
2026-04-15,1.0860825565219605,1.0860825565219603
2026-04-16,1.0891418306213758,1.0891418306213756
2026-04-17,1.1037922874985777,1.1037922874985775
2026-04-20,1.0973557203216726,1.0973557203216724
2026-04-21,1.0945193106497404,1.0945193106497402
2026-04-22,1.1082308886587442,1.108230888658744
2026-04-23,1.0996816059083911,1.099681605908391
2026-04-24,1.1100534552719634,1.1100534552719632
2026-04-27,1.1127471257449788,1.1127471257449786
2026-04-28,1.1115285495204383,1.1115285495204381
2026-04-29,1.1185822129977172,1.118582212997717
2026-04-30,1.1162853339785812,1.116285333978581
2026-05-01,1.1188347928053535,1.1188347928053533
2026-05-04,1.114330096005765,1.1143300960057647
2026-05-05,1.1161284850381554,1.1161284850381552
2026-05-06,1.1272820166521988,1.1272820166521986
2026-05-07,1.1277562304664297,1.1277562304664295
2026-05-08,1.133477310444608,1.1334773104446079
2026-05-11,1.1340044633056114,1.1340044633056112
2026-05-12,1.1351060527196257,1.1351060527196255
2026-05-13,1.1395605020952935,1.1395605020952932
2026-05-14,1.147732051772481,1.1477320517724807
2026-05-15,1.1394786485044037,1.1394786485044035
2026-05-18,1.140886096968153,1.1408860969681527
2026-05-19,1.1301050015487473,1.130105001548747
2026-05-20,1.138560838848885,1.1385608388488848
2026-05-21,1.139507805724877,1.1395078057248769
2026-05-22,1.1407183515562358,1.1407183515562356
2026-05-26,1.1364229561188333,1.136422956118833
2026-05-27,1.1448760045890327,1.1448760045890325
2026-05-28,1.148283467809814,1.1482834678098137
2026-05-29,1.1480669331505973,1.148066933150597
2026-06-01,1.1420639937604424,1.1420639937604422
2026-06-02,1.138247811926514,1.1382478119265138
2026-06-03,1.1313862245593904,1.1313862245593902
2026-06-04,1.1370798117614545,1.1370798117614542
2026-06-05,1.1166511057498052,1.116651105749805
2026-06-08,1.118180999135964,1.1181809991359637
2026-06-09,1.1180231830833334,1.1180231830833331
2026-06-10,1.0997354459143158,1.0997354459143156
2026-06-11,1.1068930291689827,1.1068930291689825
2026-06-12,1.1108560022110545,1.1108560022110543
2026-06-15,1.1262167993415622,1.126216799341562
2026-06-16,1.1303066645402566,1.1303066645402564
2026-06-17,1.11216399174707,1.1121639917470698
2026-06-18,1.1206437768366386,1.1206437768366384
2026-06-22,1.1045586810913262,1.104558681091326
2026-06-23,1.0989666174390957,1.0989666174390955
2026-06-24,1.0993708325771285,1.0993708325771283
2026-06-25,1.0859478313162576,1.0859478313162574
2026-06-26,1.0949804519668795,1.0949804519668793
2026-06-29,1.1109772901703392,1.110977290170339
2026-06-30,1.1183000709067819,1.1183000709067816
2026-07-01,1.1347857728160344,1.1347857728160342
2026-07-02,1.1361893507699845,1.1361893507699843
2026-07-06,1.1436477549334947,1.1436477549334945
2026-07-07,1.1474579180639022,1.147457918063902
2026-07-08,1.1389265914562867,1.1389265914562865
2026-07-09,1.148911563211771,1.1489115632117708
2026-07-10,1.1572124091622988,1.1572124091622986
2026-07-13,1.1551516733895502,1.15515167338955
2026-07-14,1.1600373570681333,1.160037357068133
2026-07-15,1.1740786528582547,1.1740786528582545
2026-07-16,1.1718562017868819,1.1718562017868817
2026-07-17,1.1567377083891377,1.1567377083891375
2026-07-20,1.1565785430658828,1.1565785430658826
2026-07-21,1.1618240657822607,1.1618240657822605
2026-07-22,1.1590557001274897,1.1590557001274895
2026-07-23,1.1282832958081335,1.1282832958081332
2026-07-24,1.1304687512322047,1.1304687512322045
2026-07-27,1.1330817054826832,1.133081705482683
2026-07-28,1.1411177290546404,1.1411177290546402
2026-07-29,1.1268079792224037,1.1268079792224035
2026-07-30,1.142652286070338,1.1426522860703379
2026-07-31,1.1593014585524553,1.159301458552455
2026-08-03,1.1811867622053125,1.1811867622053123
2026-08-04,1.1942843709441273,1.194284370944127
2026-08-05,1.1910693132912775,1.1910693132912773
2026-08-06,1.1921125358280908,1.1921125358280906
2026-08-07,1.1951639364782796,1.1951639364782793
2026-08-10,1.19772770250604,1.1977277025060398
2026-08-11,1.191217496234685,1.1912174962346849
2026-08-12,1.1829199669428159,1.1829199669428156
2026-08-13,1.190161071800826,1.1901610718008258
2026-08-14,1.1850930055772004,1.1850930055772002
2026-08-17,1.174558795770297,1.1745587957702968
2026-08-18,1.1721359696624831,1.172135969662483
2026-08-19,1.1751571469462283,1.175157146946228
2026-08-20,1.1652372484747247,1.1652372484747244
2026-08-21,1.1741595403385345,1.1741595403385343
2026-08-24,1.1795685679461354,1.1795685679461352
2026-08-25,1.1804974257629341,1.180497425762934
2026-08-26,1.1776693244261534,1.1776693244261531
2026-08-27,1.1827813956910678,1.1827813956910675
2026-08-28,1.187393212081334,1.1873932120813337
2026-08-31,1.1871687685122259,1.1871687685122256
2026-09-01,1.1818201825603651,1.181820182560365
2026-09-02,1.1891732135716715,1.1891732135716713
2026-09-03,1.2009520217226008,1.2009520217226006
2026-09-04,1.1891436838255263,1.189143683825526
2026-09-08,1.1857219484673978,1.1857219484673975
2026-09-09,1.182752740305798,1.1827527403057978
2026-09-10,1.1793095231595654,1.1793095231595652
2026-09-11,1.1875601084481362,1.187560108448136
2026-09-14,1.1875821947835372,1.187582194783537
2026-09-15,1.1823263638681925,1.1823263638681922
2026-09-16,1.175564384701694,1.1755643847016939
2026-09-17,1.1869953113761844,1.1869953113761842
2026-09-18,1.187391386770097,1.1873913867700967
2026-09-21,1.204485883068959,1.2044858830689589
2026-09-22,1.1998385174997062,1.199838517499706
2026-09-23,1.1906755978692056,1.1906755978692054
2026-09-24,1.1944906539263627,1.1944906539263624
2026-09-25,1.1972331232238842,1.197233123223884
2026-09-28,1.1882844162775472,1.188284416277547
2026-09-29,1.1846155347578244,1.1846155347578242
2026-09-30,1.178492431793005,1.1784924317930048
2026-10-01,1.179331553432059,1.1802152131866197
