date,AAPL,MSFT,NVDA,AMZN,META,GOOGL,AVGO,TSLA,JPM,V,XOM,UNH,MA,PG,HD
2026-04-01,255.1746368408203,367.8791809082031,175.3491973876953,210.57000732421875,578.2373046875,297.0215759277344,312.4256896972656,381.260009765625,292.5580749511719,297.340087890625,158.66867065429688,270.7568664550781,489.98516845703125,141.95343017578125,324.7135925292969
2026-04-02,255.464111328125,371.9526672363281,176.98544311523438,209.77000427246094,573.4755249023438,295.4035339355469,313.4820861816406,360.5899963378906,291.7855224609375,299.6210632324219,158.57984924316406,273.998291015625,491.76910400390625,140.997802734375,316.90020751953125
2026-04-06,258.39886474609375,371.375,177.23487854003906,212.7899932861328,572.0379638671875,299.61834716796875,313.3625183105469,352.82000732421875,294.125,302.1411437988281,161.2246551513672,278.0500183105469,499.80181884765625,140.6529998779297,321.84637451171875
2026-04-07,253.0484161376953,370.78741455078125,177.69383239746094,213.77000427246094,574.064453125,305.08154296875,332.8362121582031,346.6499938964844,296.0662536621094,301.3642272949219,161.757568359375,304.1098327636719,496.59271240234375,139.2047882080078,314.082275390625
2026-04-08,258.4388122558594,372.81915283203125,181.66476440429688,221.25,611.3704223632812,316.9268798828125,349.43963623046875,343.25,306.5888366699219,307.74908447265625,154.16854858398438,302.3804016113281,505.40277099609375,142.75140380859375,331.2165222167969
2026-04-09,260.0259704589844,371.56427001953125,183.49058532714844,233.64999389648438,627.3131103515625,318.09539794921875,353.705078125,345.6199951171875,308.938232421875,307.0817565917969,153.0040283203125,303.2994689941406,502.7272644042969,144.48532104492188,334.58624267578125
2026-04-10,260.0159912109375,369.3731384277344,188.1998291015625,238.3800048828125,628.780517578125,316.8469543457031,370.28857421875,348.95001220703125,308.4803161621094,303.1671142578125,150.50726318359375,300.7497863769531,497.82550048828125,143.00755310058594,332.37921142578125
2026-04-13,258.73828125,382.8186340332031,188.87826538085938,239.88999938964844,633.442626953125,320.91192626953125,378.4607849121094,352.4200134277344,312.2732238769531,308.17742919921875,150.63555908203125,309.31781005859375,507.7288818359375,141.4509735107422,336.1430358886719
2026-04-14,258.3689270019531,391.5233459472656,196.0618438720703,249.02000427246094,661.3546142578125,332.49755859375,379.4872741699219,364.20001220703125,309.7247009277344,310.149658203125,147.28021240234375,310.4938049316406,512.3012084960938,142.2391357421875,337.6701965332031
2026-04-15,265.95538330078125,409.5602722167969,198.41647338867188,248.5,670.4290771484375,336.70233154296875,395.3731384277344,391.95001220703125,304.5579833984375,314.6718444824219,147.05322265625,310.3554382324219,519.08984375,141.2539520263672,333.9261169433594
2026-04-16,262.9307861328125,418.56378173828125,197.8976593017578,249.6999969482422,675.7099609375,335.6036682128906,397.1172180175781,388.8999938964844,308.5599670410156,313.86505126953125,149.98422241210938,312.67779541015625,517.6721801757812,140.9879608154297,332.1919860839844
2026-04-17,269.7486267089844,421.0835876464844,201.2200469970703,250.55999755859375,687.3699340820312,341.2566833496094,405.1598205566406,400.6199951171875,308.8984375,315.7774963378906,144.51698303222656,320.8110046386719,520.4276123046875,144.75131225585938,344.2618103027344
2026-04-20,272.5635681152344,416.38262939453125,201.59918212890625,248.27999877929688,669.7601928710938,337.0019836425781,398.2732849121094,392.5,315.5683898925781,312.7095947265625,145.7406768798828,319.674560546875,515.785400390625,142.3474884033203,345.8284606933594
2026-04-21,265.69586181640625,422.44805908203125,199.42417907714844,249.91000366210938,667.6937866210938,331.8783264160156,400.8046875,386.4200134277344,311.5962829589844,308.7252502441406,146.41177368164062,341.9394836425781,510.4942626953125,140.2096710205078,338.8624267578125
2026-04-22,272.68341064453125,431.1726989746094,202.03819274902344,255.36000061035156,673.5636596679688,338.8996276855469,421.2151184082031,387.510009765625,311.6161804199219,310.0699768066406,147.5367889404297,349.36114501953125,509.3062438964844,140.7318115234375,334.5074462890625
2026-04-23,272.9429016113281,414.07196044921875,199.18470764160156,255.0800018310547,658.0203857421875,338.47015380859375,418.5143127441406,373.7200012207031,310.29217529296875,307.66943359375,148.5532684326172,350.3888854980469,501.5392761230469,143.54940795898438,335.1577453613281
2026-04-24,270.5771179199219,422.90618896484375,207.79502868652344,263.989990234375,673.8731689453125,343.97332763671875,421.32476806640625,376.29998779296875,306.8974609375,308.2073059082031,146.9545440673828,350.74468994140625,503.3262634277344,147.08203125,330.9505310058594
2026-04-27,267.1332702636719,423.1053771972656,216.1160125732422,261.1199951171875,677.4569702148438,349.9059753417969,416.7802429199219,378.6700134277344,310.232421875,308.4364013671875,146.24398803710938,350.5173645019531,505.58245849609375,147.30039978027344,327.4132995605469
2026-04-28,270.2277526855469,427.5174865722656,212.68385314941406,259.70001220703125,670.189453125,349.3466796875,398.47259521484375,376.0199890136719,310.0532531738281,308.0877380371094,148.58287048339844,362.45526123046875,506.7704772949219,148.064697265625,324.220947265625
2026-04-29,269.688720703125,422.7467956542969,208.77279663085938,263.0400085449219,667.9732666015625,349.5064392089844,404.0735168457031,372.79998779296875,307.86309814453125,333.5475769042969,152.63890075683594,366.3785400390625,524.3510131835938,145.37478637695312,318.0628662109375
2026-04-30,270.86663818359375,406.1341552734375,199.11488342285156,265.05999755859375,610.8612670898438,384.3232421875,416.0128479003906,381.6300048828125,311.82525634765625,328.5472717285156,152.30337524414062,366.1216125488281,502.078369140625,146.00010681152344,323.9647521972656
2026-05-01,279.6409912109375,412.76727294921875,197.99742126464844,268.260009765625,607.7067260742188,385.2121887207031,419.8497619628906,390.82000732421875,311.06866455078125,326.744384765625,150.74412536621094,364.4416198730469,494.6308288574219,146.16883850097656,319.11712646484375
2026-05-04,276.3368225097656,411.9505615234375,198.02734375,272.04998779296875,609.3638916015625,382.7751770019531,415.08599853515625,392.510009765625,306.270263671875,325.5690002441406,151.67176818847656,366.388427734375,503.8952941894531,142.3572998046875,307.82568359375
2026-05-05,283.67376708984375,409.7196350097656,196.05186462402344,273.54998779296875,603.9232177734375,387.9487609863281,425.90911865234375,389.3699951171875,308.0124206542969,320.7678527832031,152.84616088867188,359.58935546875,496.24810791015625,143.82632446289062,310.78155517578125
2026-05-06,286.99786376953125,412.2891845703125,207.3560333251953,274.989990234375,611.8296508789062,397.546875,423.99566650390625,398.7300109863281,313.4877624511719,317.5505065917969,146.73744201660156,362.9592590332031,491.06683349609375,146.80410766601562,318.2993469238281
2026-05-07,286.927978515625,419.07171630859375,211.01766967773438,271.1700134277344,615.7528686523438,397.4969177246094,411.1593933105469,411.7900085449219,304.8964538574219,320.02081298828125,144.65513610839844,365.3902893066406,500.1016845703125,144.9777374267578,317.8953857421875
2026-05-08,292.7974853515625,413.44451904296875,214.709228515625,272.67999267578125,608.585205078125,400.3034362792969,428.5401611328125,428.3500061035156,300.74517822265625,317.54058837890625,142.67153930664062,375.5098876953125,494.65081787109375,145.33506774902344,312.7817077636719
2026-05-11,292.42779541015625,410.99444580078125,218.93955993652344,268.989990234375,597.8336791992188,388.1585388183594,426.9754943847656,445.0,298.6545715332031,322.5906677246094,147.71441650390625,379.9173889160156,496.9768981933594,142.29774475097656,306.8206481933594
2026-05-12,294.54595947265625,406.1241760253906,220.27650451660156,265.82000732421875,601.9666137695312,386.8701171875,417.87646484375,433.45001220703125,303.5126953125,325.8147277832031,148.65196228027344,391.7268371582031,498.9735412597656,142.8436737060547,305.89447021484375
2026-05-13,298.6124572753906,403.57452392578125,225.3149871826172,270.1300048828125,615.5732421875,402.1211853027344,415.3750305175781,445.2699890136719,298.9034729003906,319.7160339355469,149.57962036132812,396.440673828125,489.81890869140625,141.18605041503906,298.1007995605469
2026-05-14,297.9530334472656,407.7774963378906,235.202392578125,267.2200012207031,617.3701171875,400.5731201171875,438.29693603515625,443.29998779296875,298.56500244140625,321.92193603515625,150.77371215820312,394.39501953125,489.1200866699219,141.65257263183594,299.87432861328125
2026-05-15,299.9713134765625,420.2170715332031,224.80616760253906,264.1400146484375,613.1773681640625,396.2884216308594,423.7464904785156,422.239990234375,296.4743957519531,325.1459655761719,156.90402221679688,389.2167053222656,493.3729553222656,140.52101135253906,293.1349182128906
2026-05-18,297.5833435058594,421.83056640625,221.81300354003906,264.8599853515625,610.1625366210938,396.4482421875,419.2817077636719,409.989990234375,299.3813171386719,332.023193359375,159.45748901367188,386.5286865234375,504.9435729980469,141.33493041992188,295.4010925292969
2026-05-19,298.7123718261719,415.7352600097656,220.1068878173828,259.3399963378906,601.5772705078125,387.1797180175781,409.6744384765625,404.1099853515625,294.3738708496094,329.2982482910156,161.50424194335938,384.660888671875,498.86376953125,140.2530059814453,297.9924011230469
2026-05-20,301.98956298828125,419.36053466796875,222.9603729248047,265.010009765625,604.0230712890625,388.4281921386719,416.34173583984375,417.260009765625,300.625732421875,330.1366882324219,155.27456665039062,378.7908020019531,497.20654296875,141.3845672607422,306.0126953125
2026-05-21,304.7271728515625,418.3025207519531,219.0093994140625,268.4599914550781,606.3390502929688,387.1797180175781,413.1625671386719,417.8500061035156,301.6411437988281,330.5060119628906,154.2909393310547,377.9804382324219,498.78387451171875,142.3374481201172,309.1656494140625
2026-05-22,308.55389404296875,417.7835388183594,214.83892822265625,266.32000732421875,609.2141723632812,382.49554443359375,412.7340393066406,426.010009765625,305.0059814453125,328.2701721191406,153.92332458496094,383.8999938964844,497.7056884765625,143.3697509765625,308.4660949707031
2026-05-26,308.0643005371094,415.248291015625,214.37001037597656,265.2900085449219,611.2905883789062,388.3982238769531,420.5773010253906,433.5899963378906,305.3643493652344,325.8746337890625,148.84619140625,372.4265441894531,492.1849365234375,141.9007110595703,305.9732971191406
2026-05-27,310.5821533203125,411.8946228027344,212.1151580810547,271.8500061035156,634.1713256835938,388.3482666015625,420.42779541015625,440.3599853515625,297.93780517578125,327.00250244140625,146.948486328125,379.4924621582031,494.2115478515625,146.39715576171875,313.1758117675781
2026-05-28,312.24072265625,426.18768310546875,213.76138305664062,274.0,634.2012329101562,389.64666748046875,425.13177490234375,442.1000061035156,295.3992614746094,324.3474426269531,146.01454162597656,378.02984619140625,492.9237060546875,144.828857421875,316.4863586425781
2026-05-29,311.7911071777344,449.3940124511719,210.6584930419922,270.6400146484375,631.426025390625,379.8687744140625,445.25323486328125,435.7900085449219,297.9676818847656,325.75482177734375,144.32546997070312,375.8359680175781,493.1533203125,142.4962615966797,312.47625732421875
2026-06-01,306.0460510253906,459.6546936035156,223.8483428955078,261.260009765625,599.4408569335938,375.9037170410156,458.4084167480469,415.8800048828125,295.2499084472656,322.1714782714844,148.41897583007812,375.3912658691406,494.42120361328125,139.24057006835938,306.12109375
2026-06-02,314.92840576171875,440.48077392578125,222.3118438720703,256.5199890136719,596.6057739257812,361.4017028808594,479.9350891113281,423.739990234375,299.6102600097656,316.7315979003906,148.59780883789062,373.4740905761719,476.8805847167969,139.77658081054688,306.9388732910156
2026-06-03,309.9926452636719,426.53704833984375,214.26025390625,250.02000427246094,621.912353515625,358.54522705078125,477.6030578613281,423.70001220703125,299.50079345703125,311.8207092285156,151.5487060546875,372.5649108886719,470.7608337402344,139.1512451171875,308.3675842285156
2026-06-04,310.9618225097656,427.2456970214844,218.4156036376953,253.7899932861328,626.4944458007812,371.7288818359375,417.4878234863281,418.45001220703125,309.4957580566406,319.5862731933594,151.0618438720703,391.8058776855469,480.9537658691406,139.7368621826172,307.6826171875
2026-06-05,307.0751647949219,415.8870849609375,204.87075805664062,246.02999877929688,591.9837646484375,368.07342529296875,384.42047119140625,391.0,310.9691162109375,322.9700012207031,148.9554901123047,394.77056884765625,490.2581481933594,145.4541778564453,308.50653076171875
2026-06-08,301.2801818847656,410.9663391113281,208.40679931640625,245.22000122070312,584.3867797851562,363.0766296386719,395.2535705566406,408.95001220703125,309.7147521972656,319.0772399902344,150.77371215820312,401.78704833984375,484.85723876953125,144.0248565673828,307.4443664550781
2026-06-09,290.29962158203125,402.6520080566406,207.95730590820312,244.19000244140625,583.588134765625,364.0260314941406,390.8286437988281,396.67999267578125,311.2976379394531,324.4472351074219,147.95199584960938,408.14141845703125,494.41119384765625,147.5684051513672,318.9793395996094
2026-06-10,291.3287353515625,396.61334228515625,200.19598388671875,238.0,570.00146484375,356.1510925292969,370.8367614746094,381.5899963378906,307.75360107421875,322.3611145019531,149.65098571777344,402.66656494140625,488.2615051269531,147.94558715820312,316.5870056152344
2026-06-11,295.375244140625,389.6065673828125,204.64100646972656,241.50999450683594,567.455810546875,357.5401611328125,384.2610168457031,399.1499938964844,312.0840759277344,318.4583740234375,145.6568603515625,400.7790222167969,485.6958312988281,147.2408447265625,323.6251220703125
2026-06-12,290.879150390625,390.00579833984375,204.96066284179688,238.5500030517578,566.0082397460938,359.4489440917969,380.7729187011719,406.42999267578125,319.28167724609375,321.7922058105469,146.064208984375,403.714111328125,489.1600341796875,148.50143432617188,325.98773193359375
2026-06-15,296.1645812988281,399.0088806152344,212.21253967285156,246.02000427246094,593.011962890625,369.1127624511719,392.60260009765625,411.1499938964844,317.96759033203125,323.21954345703125,140.01339721679688,408.52447509765625,489.81890869140625,149.3451385498047,327.4072570800781
2026-06-16,298.9821472167969,393.0899963378906,207.1781768798828,246.0,599.7366943359375,373.01025390625,375.43109130859375,404.6600036621094,329.6549377441406,332.5022888183594,140.9473419189453,405.15521240234375,500.4909973144531,151.360107421875,334.6240539550781
2026-06-17,295.6949768066406,378.1980285644531,204.42124938964844,237.5,567.1324462890625,363.55633544921875,391.5661315917969,396.3800048828125,331.9645080566406,329.76739501953125,139.8345489501953,397.08489990234375,492.1649475097656,149.44439697265625,325.0843811035156
2026-06-18,297.7532043457031,378.6871032714844,210.4545135498047,244.38999938964844,576.7647705078125,367.7935791015625,409.9534912109375,400.489990234375,323.761474609375,326.6331787109375,136.92340087890625,398.50616455078125,488.9703369140625,149.26573181152344,331.8346252441406
2026-06-22,296.75408935546875,366.6497802734375,208.41677856445312,232.7899932861328,563.4053344726562,349.45538330078125,391.4172668457031,405.04998779296875,329.993408203125,325.994384765625,137.57916259765625,404.191162109375,483.2798767089844,146.58572387695312,324.23065185546875
2026-06-23,294.04638671875,373.23736572265625,199.81640625,234.11000061035156,561.7566528320312,345.90765380859375,379.4590148925781,381.6099853515625,332.6414794921875,327.87091064453125,138.83103942871094,406.74542236328125,487.2532043457031,149.74217224121094,322.0765380859375
2026-06-24,292.8274230957031,364.7733154296875,198.77757263183594,234.27000427246094,557.230224609375,345.0682067871094,381.37554931640625,375.5299987792969,331.95458984375,331.61395263671875,136.01925659179688,403.3165283203125,493.5826110839844,150.91342163085938,340.3518371582031
2026-06-25,274.91290283203125,352.1670227050781,195.52122497558594,227.00999450683594,542.44189453125,343.48919677734375,378.2212829589844,375.1199951171875,333.6170654296875,329.9071044921875,136.66506958007812,412.98699951171875,488.101806640625,147.399658203125,342.4761962890625
2026-06-26,283.53546142578125,372.2691955566406,192.31480407714844,232.69000244140625,549.8161010742188,337.17327880859375,364.35650634765625,379.7099914550781,327.57427978515625,335.6065368652344,135.66156005859375,425.2713623046875,498.18487548828125,147.9158172607422,346.3079528808594
2026-06-29,281.4972229003906,367.8774719238281,194.7520751953125,240.13999938964844,562.1563110351562,353.4228210449219,371.7730407714844,411.8399963378906,327.91278076171875,341.0164794921875,135.18466186523438,417.2507629394531,508.787109375,147.3500213623047,348.24371337890625
2026-06-30,289.11065673828125,372.319091796875,199.86634826660156,238.33999633789062,562.8457641601562,357.14044189453125,377.0633850097656,420.6000061035156,325.86199951171875,342.45379638671875,135.8404083251953,413.0863952636719,512.740478515625,145.55343627929688,350.1000061035156
2026-07-01,294.1263427734375,383.5579528808594,197.35916137695312,241.6999969482422,612.4266357421875,360.97796630859375,368.6686706542969,425.29998779296875,332.5718078613281,350.4289855957031,135.4032440185547,423.92962646484375,521.565673828125,146.33758544921875,348.27349853515625
2026-07-02,308.3640441894531,389.7562561035156,194.61224365234375,242.6699981689453,582.4403686523438,359.6788024902344,359.7948303222656,393.45001220703125,332.9700012207031,361.45849609375,136.20802307128906,422.7568359375,538.4873046875,150.28810119628906,355.2818298339844
2026-07-06,312.3905944824219,386.0133056640625,195.33143615722656,244.16000366210938,599.8165893554688,366.2245788574219,373.2203674316406,419.7699890136719,337.7200012207031,356.5875549316406,135.5622100830078,415.4319152832031,532.2078247070312,148.2036590576172,348.0848693847656
2026-07-07,310.3923034667969,388.109375,196.7098846435547,245.97999572753906,615.0946044921875,366.7942199707031,370.1060485839844,402.8999938964844,339.2200012207031,351.54693603515625,140.7784423828125,425.56951904296875,530.7303466796875,151.6181640625,342.6846618652344
2026-07-08,313.1199645996094,382.6197204589844,203.891845703125,243.6199951171875,602.6444091796875,361.6875305175781,387.9834899902344,394.05999755859375,330.6199951171875,346.88555908203125,140.2220458984375,422.995361328125,518.989990234375,147.30039978027344,333.75048828125
2026-07-09,315.947509765625,383.6377868652344,202.5533447265625,247.0399932861328,630.9819946289062,358.65948486328125,400.38092041015625,406.54998779296875,335.4700012207031,347.5543518066406,136.57565307617188,429.03814697265625,523.2000122070312,145.7618865966797,336.2520751953125
2026-07-10,315.0483093261719,384.37640380859375,210.72421264648438,245.33999633789062,668.6823120117188,356.9505615234375,399.2430114746094,407.760009765625,336.4700012207031,348.3229064941406,137.9865264892578,422.0213623046875,526.739990234375,145.95046997070312,340.78863525390625
2026-07-13,317.03656005859375,390.2553405761719,203.30250549316406,247.30999755859375,656.2120971679688,352.2835693359375,383.3519287109375,394.760009765625,334.5299987792969,357.08660888671875,143.58029174804688,426.4640197753906,537.7000122070312,147.27061462402344,334.6439208984375
2026-07-14,314.58868408203125,384.20672607421875,211.5632781982422,247.49000549316406,660.5186767578125,359.2790832519531,388.4027099609375,396.17999267578125,342.8900146484375,355.3598327636719,144.15655517578125,422.587890625,538.02001953125,144.99758911132812,335.2693176269531
2026-07-15,327.2178039550781,394.8866271972656,212.26248168945312,254.9600067138672,680.7727661132812,370.6817626953125,393.5633239746094,394.4599914550781,346.9100036621094,354.4814758300781,143.58029174804688,415.95867919921875,535.2100219726562,146.9530029296875,338.9422607421875
2026-07-16,332.97283935546875,400.3463439941406,207.16818237304688,249.88999938964844,664.0159301757812,354.2322998046875,373.7694091796875,391.05999755859375,343.1499938964844,364.4629211425781,145.0110321044922,420.7889709472656,551.5399780273438,150.37742614746094,345.4740905761719
2026-07-17,333.452392578125,393.08001708984375,202.58331298828125,247.22999572753906,645.5006103515625,346.5472412109375,370.15594482421875,380.8399963378906,341.1000061035156,357.8951110839844,146.41195678710938,423.48236083984375,543.5999755859375,148.86868286132812,336.39105224609375
2026-07-20,326.3085632324219,401.53411865234375,203.05279541015625,249.99000549316406,645.3406982421875,351.7638854980469,377.47265625,369.57000732421875,338.8699951171875,359.9013977050781,147.40553283691406,418.97015380859375,547.4400024414062,148.02499389648438,330.60369873046875
2026-07-21,327.45758056640625,397.00262451171875,207.0583038330078,247.5500030517578,643.3023071289062,346.927001953125,385.7974853515625,378.92999267578125,345.2300109863281,355.16021728515625,150.73397827148438,433.6795959472656,538.2999877929688,147.00262451171875,329.1742248535156
2026-07-22,325.60919189453125,389.6065673828125,211.82298278808594,244.85000610351562,626.6754150390625,341.8702392578125,396.0887451171875,374.010009765625,348.2099914550781,352.7646789550781,153.4563446044922,428.67041015625,531.97998046875,148.02499389648438,329.02532958984375
2026-07-23,321.3828430175781,380.8630065917969,208.5266571044922,233.66000366210938,605.6220092773438,317.4859313964844,391.7566223144531,319.69000244140625,349.8999938964844,350.9480285644531,155.88064575195312,420.9678649902344,530.2899780273438,145.88099670410156,322.3346252441406
2026-07-24,332.7330322265625,380.9828186035156,206.6088104248047,232.11000061035156,594.7206420898438,319.53460693359375,381.225830078125,313.0299987792969,353.2099914550781,355.0803527832031,155.93032836914062,418.16510009765625,539.6599731445312,147.41000366210938,330.5441589355469
2026-07-27,336.61968994140625,388.368896484375,196.2903594970703,231.38999938964844,593.4016723632812,326.3502197265625,382.5234375,309.2200012207031,356.20001220703125,361.8577575683594,153.7742919921875,415.0841064453125,551.7100219726562,148.6300048828125,333.6313781738281
2026-07-28,339.78692626953125,392.61090087890625,196.789794921875,230.86000061035156,592.9420166015625,333.4956359863281,380.2176513671875,307.44000244140625,357.30999755859375,365.91021728515625,152.055419921875,426.1658630371094,562.75,148.8800048828125,341.9500732421875
2026-07-29,337.8985900878906,389.8061828613281,189.79762268066406,226.64999389648438,585.148193359375,336.49371337890625,369.64691162109375,298.32000732421875,344.7099914550781,368.0462646484375,155.74154663085938,417.99615478515625,563.3200073242188,146.10000610351562,335.7954406738281
2026-07-30,333.1426696777344,450.2524108886719,194.82199096679688,235.5,538.60498046875,333.4456787109375,387.1350402832031,308.8500061035156,350.8500061035156,365.5908203125,155.96014404296875,418.8906555175781,577.3499755859375,143.9600067138672,330.91143798828125
2026-07-31,308.6438293457031,463.8468017578125,200.52561950683594,271.5799865722656,556.27099609375,355.9012451171875,388.5724182128906,311.2099914550781,351.7900085449219,365.4510803222656,154.4399871826172,411.8638916015625,573.0999755859375,144.49000549316406,329.5315856933594
2026-08-03,303.1585693359375,486.73370361328125,206.40904235839844,284.0199890136719,589.7745361328125,373.27008056640625,391.51708984375,322.0799865722656,352.6400146484375,364.991943359375,154.0624237060547,412.8180236816406,570.969970703125,144.97000122070312,337.5326232910156
2026-08-04,309.1134033203125,491.884033203125,211.70310974121094,277.4200134277344,587.4763793945312,377.40740966796875,417.3999328613281,327.3500061035156,357.5199890136719,368.9046630859375,152.96951293945312,405.0558166503906,571.0999755859375,148.00999450683594,345.6925048828125
2026-08-05,310.7320251464844,486.5440673828125,218.9749755859375,272.6499938964844,588.3057250976562,362.1971740722656,417.51971435546875,321.54998779296875,359.239990234375,367.85662841796875,150.6544952392578,410.2239990234375,570.47998046875,146.8000030517578,350.5566711425781
2026-08-06,312.14080810546875,498.9207458496094,218.7452392578125,272.260009765625,589.4348754882812,357.52020263671875,419.8055725097656,319.5299987792969,356.29998779296875,369.7830505371094,153.84384155273438,401.49774169921875,575.9500122070312,146.97000122070312,346.963134765625
2026-08-07,313.05999755859375,499.0505065917969,223.70968627929688,274.4800109863281,591.633056640625,354.0723876953125,426.98248291015625,328.5799865722656,357.5199890136719,361.82781982421875,152.055419921875,404.58868408203125,562.9500122070312,145.7899932861328,353.0185241699219
2026-08-10,308.260009765625,505.109130859375,217.3068389892578,278.0899963378906,594.4508666992188,357.29034423828125,421.6322326660156,330.8800048828125,359.7900085449219,360.6500244140625,158.76199340820312,406.238525390625,563.1699829101562,146.44000244140625,348.21392822265625
2026-08-11,304.9100036621094,502.86334228515625,217.25689697265625,272.2699890136719,598.6475219726562,343.5791320800781,415.3236999511719,332.80999755859375,362.0400085449219,362.82000732421875,158.7719268798828,399.7286376953125,561.4400024414062,145.2100067138672,351.8868713378906
2026-08-12,302.25,491.5047302246094,223.8395233154297,267.2799987792969,578.3934936523438,343.3193359375,415.29376220703125,327.510009765625,365.17999267578125,359.4200134277344,158.7222442626953,403.1078186035156,559.72998046875,144.0800018310547,340.9176940917969
2026-08-13,305.260009765625,495.9463806152344,225.04818725585938,265.1300048828125,594.5007934570312,346.13751220703125,417.060546875,339.9599914550781,363.1099853515625,365.45001220703125,157.58958435058594,396.6177978515625,567.0399780273438,144.25999450683594,339.2003479003906
2026-08-14,305.92999267578125,494.4691467285156,224.90834045410156,262.6499938964844,589.3848266601562,345.67779541015625,392.2756652832031,342.2699890136719,362.8399963378906,364.1499938964844,159.07000732421875,399.2714538574219,569.2899780273438,144.5500030517578,336.381103515625
2026-08-17,305.5899963378906,479.44744873046875,224.7584991455078,261.30999755859375,568.5213012695312,343.7790222167969,391.7167053222656,339.29998779296875,360.9599914550781,358.8399963378906,161.4600067138672,393.1988525390625,562.260009765625,143.1199951171875,335.4082946777344
2026-08-18,310.0299987792969,480.72503662109375,219.49440002441406,259.45001220703125,543.2412719726562,343.9789123535156,379.3092956542969,336.8699951171875,363.25,364.25,165.55999755859375,391.5191650390625,574.3099975585938,143.4499969482422,335.0211486816406
2026-08-19,316.8299865722656,483.3999938964844,217.31683349609375,265.8399963378906,545.5994262695312,344.4985656738281,361.8211364746094,351.1199951171875,357.260009765625,365.5400085449219,164.77000427246094,386.2317199707031,573.719970703125,144.3800048828125,341.78131103515625
2026-08-20,311.29998779296875,481.1499938964844,216.60763549804688,260.1099853515625,545.3995971679688,340.451171875,363.3683166503906,345.1300048828125,351.54998779296875,365.7300109863281,166.14999389648438,382.4947509765625,573.8499755859375,142.97000122070312,332.0430908203125
2026-08-21,309.3500061035156,483.239990234375,214.48001098632812,258.6300048828125,549.4663696289062,344.5985107421875,367.7803039550781,362.8599853515625,351.5799865722656,371.0400085449219,165.11000061035156,387.7225341796875,580.6300048828125,144.67999267578125,333.1548767089844
2026-08-24,310.3399963378906,487.30999755859375,208.24697875976562,262.07000732421875,558.5792236328125,347.83642578125,358.10791015625,348.95001220703125,356.3900146484375,382.4100036621094,164.0500030517578,396.31964111328125,599.8599853515625,146.60000610351562,334.9615783691406
2026-08-25,309.8999938964844,491.7099914550781,212.81187438964844,261.05999755859375,569.6004638671875,346.73712158203125,356.091552734375,350.25,356.69000244140625,384.1400146484375,160.63999938964844,394.16290283203125,599.3699951171875,145.39999389648438,335.4082946777344
2026-08-26,313.45001220703125,496.3699951171875,209.4256591796875,260.2799987792969,575.6856689453125,341.7803039550781,354.94366455078125,345.82000732421875,356.5,383.8999938964844,158.19000244140625,398.5558776855469,598.469970703125,145.0,332.40045166015625
2026-08-27,314.5799865722656,505.05999755859375,227.7251739501953,256.260009765625,570.6495971679688,340.4311828613281,370.86468505859375,354.80999755859375,354.2200012207031,379.6600036621094,156.44000244140625,392.63232421875,591.72998046875,143.13999938964844,326.2060852050781
2026-08-28,319.70001220703125,513.530029296875,217.3068389892578,266.42999267578125,577.564208984375,346.36737060546875,368.11968994140625,348.75,357.6199951171875,381.6000061035156,156.7100067138672,390.5451965332031,595.2999877929688,143.77999877929688,327.7745361328125
2026-08-31,316.8500061035156,507.2900085449219,220.53323364257812,259.7699890136719,571.888671875,339.13201904296875,369.6668395996094,367.95001220703125,356.0199890136719,379.3699951171875,160.9499969482422,387.02685546875,589.3099975585938,145.1199951171875,325.4317932128906
2026-09-01,325.1300048828125,501.0199890136719,217.1969757080078,254.9199981689453,578.083740234375,334.8047790527344,369.008056640625,356.0899963378906,354.95001220703125,372.6700134277344,164.5500030517578,393.8746643066406,581.0999755859375,146.2100067138672,317.4307556152344
2026-09-02,324.9599914550781,496.82000732421875,224.1591796875,254.97999572753906,592.3824462890625,336.9034423828125,366.5724792480469,357.010009765625,356.2200012207031,378.3999938964844,164.14999389648438,397.214111328125,588.1400146484375,147.63999938964844,316.17999267578125
2026-09-03,328.2099914550781,510.1199951171875,228.1946563720703,258.8999938964844,610.1984252929688,342.260009765625,356.51080322265625,376.3699951171875,362.05999755859375,378.75,162.2100067138672,398.4862976074219,585.7100219726562,146.9199981689453,318.07000732421875
2026-09-04,319.9700012207031,499.70001220703125,230.10252380371094,258.510009765625,616.2836303710938,338.4599914550781,357.24945068359375,354.0799865722656,358.6400146484375,375.07000732421875,159.47000122070312,394.7095642089844,579.2100219726562,146.44000244140625,321.04998779296875
2026-09-08,316.2200012207031,493.95001220703125,225.47769165039062,256.9700012207031,612.9962158203125,338.3599853515625,367.89007568359375,368.1600036621094,353.510009765625,368.6400146484375,160.66000366210938,398.38690185546875,570.8900146484375,145.5800018310547,313.70001220703125
2026-09-09,315.3399963378906,491.6499938964844,223.4199981689453,252.39999389648438,653.1744995117188,330.6499938964844,363.7176818847656,367.80999755859375,354.7099914550781,367.3900146484375,164.22999572753906,390.6545104980469,567.5,142.63999938964844,310.45001220703125
2026-09-10,326.57000732421875,492.44000244140625,218.36000061035156,251.88999938964844,643.8718872070312,332.6000061035156,360.17413330078125,363.55999755859375,353.55999755859375,367.2099914550781,165.22999572753906,385.90374755859375,565.3699951171875,142.97000122070312,305.69000244140625
2026-09-11,332.2699890136719,495.6300048828125,218.2899932861328,256.7799987792969,647.51904296875,338.5,361.33203125,365.44000244140625,356.2300109863281,370.45001220703125,165.99000549316406,376.7699890136719,569.1900024414062,145.27000427246094,308.739990234375
2026-09-14,333.0799865722656,505.4100036621094,210.9600067138672,253.5399932861328,665.0751342773438,349.3900146484375,344.0934143066406,358.9700012207031,350.1300048828125,375.2799987792969,165.0800018310547,383.54998779296875,574.4199829101562,146.1300048828125,310.8699951171875
2026-09-15,331.3399963378906,497.1199951171875,212.1699981689453,248.4199981689453,669.7114868164062,344.9800109863281,338.6533203125,356.5799865722656,352.489990234375,375.6199951171875,169.32000732421875,375.92999267578125,573.27001953125,146.6699981689453,305.4800109863281
2026-09-16,332.4100036621094,490.29998779296875,213.89999389648438,245.9600067138672,672.779052734375,342.8699951171875,338.8929138183594,358.0799865722656,348.9200134277344,370.92999267578125,163.32000732421875,375.260009765625,567.75,147.02000427246094,302.4700012207031
2026-09-17,337.0,497.75,219.33999633789062,251.19000244140625,681.77197265625,347.3299865722656,346.6687316894531,366.20001220703125,349.30999755859375,369.92999267578125,163.27000427246094,375.2099914550781,565.72998046875,147.5500030517578,302.510009765625
2026-09-18,336.1300048828125,493.7799987792969,222.27000427246094,253.7100067138672,665.2250366210938,349.5400085449219,356.9599914550781,364.2699890136719,349.6700134277344,368.2900085449219,163.5399932861328,376.8999938964844,565.239990234375,146.38999938964844,299.9800109863281
2026-09-21,338.9800109863281,501.6099853515625,227.3800048828125,258.45001220703125,741.25,354.9700012207031,362.6600036621094,375.29998779296875,352.0400085449219,369.95001220703125,158.3000030517578,377.55999755859375,567.6500244140625,146.0800018310547,297.20001220703125
2026-09-22,339.75,498.0,228.8699951171875,254.97999572753906,736.5999755859375,351.1600036621094,364.5400085449219,378.8999938964844,340.0,362.0400085449219,158.7100067138672,372.95001220703125,555.8900146484375,148.22000122070312,305.3500061035156
2026-09-23,337.0199890136719,500.5899963378906,225.50999450683594,249.27000427246094,744.0999755859375,337.8299865722656,354.989990234375,380.1199951171875,337.5299987792969,361.5199890136719,161.22999572753906,371.2900085449219,559.9199829101562,147.38999938964844,296.7200012207031
2026-09-24,335.9200134277344,497.92999267578125,224.5800018310547,249.3800048828125,777.5900268554688,342.3599853515625,350.3599853515625,377.94000244140625,338.55999755859375,367.9800109863281,162.13999938964844,375.010009765625,566.0800170898438,145.67999267578125,292.17999267578125
2026-09-25,341.07000732421875,516.1699829101562,225.07000732421875,249.6699981689453,751.6599731445312,343.9200134277344,352.80999755859375,372.1099853515625,343.05999755859375,367.3800048828125,160.58999633789062,376.5899963378906,567.6500244140625,146.22999572753906,293.20001220703125
2026-09-28,338.3999938964844,509.2200012207031,228.86000061035156,246.14999389648438,715.6199951171875,342.75,349.57000732421875,357.45001220703125,336.5899963378906,367.739990234375,162.52000427246094,377.8299865722656,568.260009765625,149.02999877929688,289.8900146484375
2026-09-29,329.3999938964844,508.9599914550781,227.2100067138672,246.6699981689453,738.7899780273438,340.9200134277344,355.1000061035156,352.8399963378906,334.9800109863281,365.8800048828125,161.35000610351562,374.94000244140625,563.5800170898438,148.32000732421875,288.0400085449219
2026-09-30,333.0199890136719,512.9000244140625,228.3800048828125,249.14999389648438,725.1799926757812,344.0799865722656,351.19000244140625,354.80999755859375,330.8299865722656,359.3299865722656,162.75,367.0799865722656,551.469970703125,145.27999877929688,284.489990234375
2026-10-01,331.875,517.1500244140625,230.14999389648438,249.65499877929688,731.9099731445312,344.1400146484375,351.64959716796875,356.289306640625,329.81500244140625,360.8275146484375,162.44000244140625,370.4100036621094,553.25,144.4600067138672,280.6549987792969
