id,type,notional,sector,maturity_yrs,rating,coupon_pct,derivative_subtype,delta,duration_yrs,data_origin
L01,loan,93.4,Financials,5.9,BBB,4.57,,,5.9,synthetic
L02,loan,154.6,Consumer,6.9,BB,4.77,,,6.9,synthetic
L03,loan,80.5,Energy,4.3,BBB,8.94,,,4.3,synthetic
L04,loan,53.2,Consumer,4.2,BBB,4.38,,,4.2,synthetic
L05,loan,130.0,Technology,6.1,A,9.82,,,6.1,synthetic
L06,loan,157.9,Industrials,6.5,AA,6.8,,,6.5,synthetic
L07,loan,39.3,Industrials,2.2,BB,9.81,,,2.2,synthetic
L08,loan,80.4,Industrials,3.6,BBB,5.14,,,3.6,synthetic
L09,loan,100.4,Energy,2.6,BBB,6.62,,,2.6,synthetic
L10,loan,143.1,Energy,6.2,B,8.99,,,6.2,synthetic
B01,bond,83.6,Consumer,12.3,BBB,2.84,,,12.3,synthetic
B02,bond,11.4,Energy,3.8,BB,5.99,,,3.8,synthetic
B03,bond,158.3,Healthcare,10.9,BBB,2.84,,,10.9,synthetic
B04,bond,137.0,Financials,2.6,BBB,5.39,,,2.6,synthetic
B05,bond,130.6,Healthcare,11.7,BBB,3.82,,,11.7,synthetic
B06,bond,93.0,Healthcare,1.4,A,4.45,,,1.4,synthetic
B07,bond,54.4,Industrials,12.9,A,3.76,,,12.9,synthetic
B08,bond,115.8,Technology,10.3,BB,5.99,,,10.3,synthetic
B09,bond,164.7,Energy,6.7,AAA,2.54,,,6.7,synthetic
B10,bond,97.8,Energy,11.1,AA,5.01,,,11.1,synthetic
B11,bond,142.3,Financials,3.1,A,3.81,,,3.1,synthetic
B12,bond,78.7,Financials,9.8,CCC,2.71,,,9.8,synthetic
D-EQ01,derivative,115.8,Financials,0.25,BBB,,equity_future,1.0,,synthetic
D-EQ02,derivative,87.0,Financials,0.25,AA,,equity_future,1.0,,synthetic
D-EQ03,derivative,116.6,Energy,0.25,BBB,,equity_future,1.0,,synthetic
D-EQ04,derivative,88.9,Industrials,0.25,A,,equity_future,1.0,,synthetic
D-IRS01,derivative,32.5,Financials,4.2,BBB,4.37,interest_rate_swap,,4.2,synthetic
D-IRS02,derivative,59.8,Industrials,3.6,A,3.53,interest_rate_swap,,3.6,synthetic
D-IRS03,derivative,118.6,Financials,8.9,BBB,4.3,interest_rate_swap,,8.9,synthetic
D-IRS04,derivative,95.9,Technology,7.0,A,3.25,interest_rate_swap,,7.0,synthetic
