date,ticker,weight
2026-04-01,AAPL,0.06666666666666667
2026-04-01,MSFT,0.06666666666666667
2026-04-01,NVDA,0.06666666666666667
2026-04-01,AMZN,0.06666666666666667
2026-04-01,META,0.06666666666666667
2026-04-01,GOOGL,0.06666666666666667
2026-04-01,AVGO,0.06666666666666667
2026-04-01,TSLA,0.06666666666666667
2026-04-01,JPM,0.06666666666666667
2026-04-01,V,0.06666666666666667
2026-04-01,XOM,0.06666666666666667
2026-04-01,UNH,0.06666666666666667
2026-04-01,MA,0.06666666666666667
2026-04-01,PG,0.06666666666666667
2026-04-01,HD,0.06666666666666667
2026-04-02,AAPL,0.06666666666666667
2026-04-02,MSFT,0.06666666666666667
2026-04-02,NVDA,0.06666666666666667
2026-04-02,AMZN,0.06666666666666667
2026-04-02,META,0.06666666666666667
2026-04-02,GOOGL,0.06666666666666667
2026-04-02,AVGO,0.06666666666666667
2026-04-02,TSLA,0.06666666666666667
2026-04-02,JPM,0.06666666666666667
2026-04-02,V,0.06666666666666667
2026-04-02,XOM,0.06666666666666667
2026-04-02,UNH,0.06666666666666667
2026-04-02,MA,0.06666666666666667
2026-04-02,PG,0.06666666666666667
2026-04-02,HD,0.06666666666666667
2026-04-06,AAPL,0.06666666666666667
2026-04-06,MSFT,0.06666666666666667
2026-04-06,NVDA,0.06666666666666667
2026-04-06,AMZN,0.06666666666666667
2026-04-06,META,0.06666666666666667
2026-04-06,GOOGL,0.06666666666666667
2026-04-06,AVGO,0.06666666666666667
2026-04-06,TSLA,0.06666666666666667
2026-04-06,JPM,0.06666666666666667
2026-04-06,V,0.06666666666666667
2026-04-06,XOM,0.06666666666666667
2026-04-06,UNH,0.06666666666666667
2026-04-06,MA,0.06666666666666667
2026-04-06,PG,0.06666666666666667
2026-04-06,HD,0.06666666666666667
2026-04-07,AAPL,0.06666666666666667
2026-04-07,MSFT,0.06666666666666667
2026-04-07,NVDA,0.06666666666666667
2026-04-07,AMZN,0.06666666666666667
2026-04-07,META,0.06666666666666667
2026-04-07,GOOGL,0.06666666666666667
2026-04-07,AVGO,0.06666666666666667
2026-04-07,TSLA,0.06666666666666667
2026-04-07,JPM,0.06666666666666667
2026-04-07,V,0.06666666666666667
2026-04-07,XOM,0.06666666666666667
2026-04-07,UNH,0.06666666666666667
2026-04-07,MA,0.06666666666666667
2026-04-07,PG,0.06666666666666667
2026-04-07,HD,0.06666666666666667
2026-04-08,AAPL,0.06666666666666667
2026-04-08,MSFT,0.06666666666666667
2026-04-08,NVDA,0.06666666666666667
2026-04-08,AMZN,0.06666666666666667
2026-04-08,META,0.06666666666666667
2026-04-08,GOOGL,0.06666666666666667
2026-04-08,AVGO,0.06666666666666667
2026-04-08,TSLA,0.06666666666666667
2026-04-08,JPM,0.06666666666666667
2026-04-08,V,0.06666666666666667
2026-04-08,XOM,0.06666666666666667
2026-04-08,UNH,0.06666666666666667
2026-04-08,MA,0.06666666666666667
2026-04-08,PG,0.06666666666666667
2026-04-08,HD,0.06666666666666667
2026-04-09,AAPL,0.06666666666666667
2026-04-09,MSFT,0.06666666666666667
2026-04-09,NVDA,0.06666666666666667
2026-04-09,AMZN,0.06666666666666667
2026-04-09,META,0.06666666666666667
2026-04-09,GOOGL,0.06666666666666667
2026-04-09,AVGO,0.06666666666666667
2026-04-09,TSLA,0.06666666666666667
2026-04-09,JPM,0.06666666666666667
2026-04-09,V,0.06666666666666667
2026-04-09,XOM,0.06666666666666667
2026-04-09,UNH,0.06666666666666667
2026-04-09,MA,0.06666666666666667
2026-04-09,PG,0.06666666666666667
2026-04-09,HD,0.06666666666666667
2026-04-10,AAPL,0.06666666666666667
2026-04-10,MSFT,0.06666666666666667
2026-04-10,NVDA,0.06666666666666667
2026-04-10,AMZN,0.06666666666666667
2026-04-10,META,0.06666666666666667
2026-04-10,GOOGL,0.06666666666666667
2026-04-10,AVGO,0.06666666666666667
2026-04-10,TSLA,0.06666666666666667
2026-04-10,JPM,0.06666666666666667
2026-04-10,V,0.06666666666666667
2026-04-10,XOM,0.06666666666666667
2026-04-10,UNH,0.06666666666666667
2026-04-10,MA,0.06666666666666667
2026-04-10,PG,0.06666666666666667
2026-04-10,HD,0.06666666666666667
2026-04-13,AAPL,0.06666666666666667
2026-04-13,MSFT,0.06666666666666667
2026-04-13,NVDA,0.06666666666666667
2026-04-13,AMZN,0.06666666666666667
2026-04-13,META,0.06666666666666667
2026-04-13,GOOGL,0.06666666666666667
2026-04-13,AVGO,0.06666666666666667
2026-04-13,TSLA,0.06666666666666667
2026-04-13,JPM,0.06666666666666667
2026-04-13,V,0.06666666666666667
2026-04-13,XOM,0.06666666666666667
2026-04-13,UNH,0.06666666666666667
2026-04-13,MA,0.06666666666666667
2026-04-13,PG,0.06666666666666667
2026-04-13,HD,0.06666666666666667
2026-04-14,AAPL,0.06666666666666667
2026-04-14,MSFT,0.06666666666666667
2026-04-14,NVDA,0.06666666666666667
2026-04-14,AMZN,0.06666666666666667
2026-04-14,META,0.06666666666666667
2026-04-14,GOOGL,0.06666666666666667
2026-04-14,AVGO,0.06666666666666667
2026-04-14,TSLA,0.06666666666666667
2026-04-14,JPM,0.06666666666666667
2026-04-14,V,0.06666666666666667
2026-04-14,XOM,0.06666666666666667
2026-04-14,UNH,0.06666666666666667
2026-04-14,MA,0.06666666666666667
2026-04-14,PG,0.06666666666666667
2026-04-14,HD,0.06666666666666667
2026-04-15,AAPL,0.06666666666666667
2026-04-15,MSFT,0.06666666666666667
2026-04-15,NVDA,0.06666666666666667
2026-04-15,AMZN,0.06666666666666667
2026-04-15,META,0.06666666666666667
2026-04-15,GOOGL,0.06666666666666667
2026-04-15,AVGO,0.06666666666666667
2026-04-15,TSLA,0.06666666666666667
2026-04-15,JPM,0.06666666666666667
2026-04-15,V,0.06666666666666667
2026-04-15,XOM,0.06666666666666667
2026-04-15,UNH,0.06666666666666667
2026-04-15,MA,0.06666666666666667
2026-04-15,PG,0.06666666666666667
2026-04-15,HD,0.06666666666666667
2026-04-16,AAPL,0.06666666666666667
2026-04-16,MSFT,0.06666666666666667
2026-04-16,NVDA,0.06666666666666667
2026-04-16,AMZN,0.06666666666666667
2026-04-16,META,0.06666666666666667
2026-04-16,GOOGL,0.06666666666666667
2026-04-16,AVGO,0.06666666666666667
2026-04-16,TSLA,0.06666666666666667
2026-04-16,JPM,0.06666666666666667
2026-04-16,V,0.06666666666666667
2026-04-16,XOM,0.06666666666666667
2026-04-16,UNH,0.06666666666666667
2026-04-16,MA,0.06666666666666667
2026-04-16,PG,0.06666666666666667
2026-04-16,HD,0.06666666666666667
2026-04-17,AAPL,0.06666666666666667
2026-04-17,MSFT,0.06666666666666667
2026-04-17,NVDA,0.06666666666666667
2026-04-17,AMZN,0.06666666666666667
2026-04-17,META,0.06666666666666667
2026-04-17,GOOGL,0.06666666666666667
2026-04-17,AVGO,0.06666666666666667
2026-04-17,TSLA,0.06666666666666667
2026-04-17,JPM,0.06666666666666667
2026-04-17,V,0.06666666666666667
2026-04-17,XOM,0.06666666666666667
2026-04-17,UNH,0.06666666666666667
2026-04-17,MA,0.06666666666666667
2026-04-17,PG,0.06666666666666667
2026-04-17,HD,0.06666666666666667
2026-04-20,AAPL,0.06666666666666667
2026-04-20,MSFT,0.06666666666666667
2026-04-20,NVDA,0.06666666666666667
2026-04-20,AMZN,0.06666666666666667
2026-04-20,META,0.06666666666666667
2026-04-20,GOOGL,0.06666666666666667
2026-04-20,AVGO,0.06666666666666667
2026-04-20,TSLA,0.06666666666666667
2026-04-20,JPM,0.06666666666666667
2026-04-20,V,0.06666666666666667
2026-04-20,XOM,0.06666666666666667
2026-04-20,UNH,0.06666666666666667
2026-04-20,MA,0.06666666666666667
2026-04-20,PG,0.06666666666666667
2026-04-20,HD,0.06666666666666667
2026-04-21,AAPL,0.06666666666666667
2026-04-21,MSFT,0.06666666666666667
2026-04-21,NVDA,0.06666666666666667
2026-04-21,AMZN,0.06666666666666667
2026-04-21,META,0.06666666666666667
2026-04-21,GOOGL,0.06666666666666667
2026-04-21,AVGO,0.06666666666666667
2026-04-21,TSLA,0.06666666666666667
2026-04-21,JPM,0.06666666666666667
2026-04-21,V,0.06666666666666667
2026-04-21,XOM,0.06666666666666667
2026-04-21,UNH,0.06666666666666667
2026-04-21,MA,0.06666666666666667
2026-04-21,PG,0.06666666666666667
2026-04-21,HD,0.06666666666666667
2026-04-22,AAPL,0.06666666666666667
2026-04-22,MSFT,0.06666666666666667
2026-04-22,NVDA,0.06666666666666667
2026-04-22,AMZN,0.06666666666666667
2026-04-22,META,0.06666666666666667
2026-04-22,GOOGL,0.06666666666666667
2026-04-22,AVGO,0.06666666666666667
2026-04-22,TSLA,0.06666666666666667
2026-04-22,JPM,0.06666666666666667
2026-04-22,V,0.06666666666666667
2026-04-22,XOM,0.06666666666666667
2026-04-22,UNH,0.06666666666666667
2026-04-22,MA,0.06666666666666667
2026-04-22,PG,0.06666666666666667
2026-04-22,HD,0.06666666666666667
2026-04-23,AAPL,0.06666666666666667
2026-04-23,MSFT,0.06666666666666667
2026-04-23,NVDA,0.06666666666666667
2026-04-23,AMZN,0.06666666666666667
2026-04-23,META,0.06666666666666667
2026-04-23,GOOGL,0.06666666666666667
2026-04-23,AVGO,0.06666666666666667
2026-04-23,TSLA,0.06666666666666667
2026-04-23,JPM,0.06666666666666667
2026-04-23,V,0.06666666666666667
2026-04-23,XOM,0.06666666666666667
2026-04-23,UNH,0.06666666666666667
2026-04-23,MA,0.06666666666666667
2026-04-23,PG,0.06666666666666667
2026-04-23,HD,0.06666666666666667
2026-04-24,AAPL,0.06666666666666667
2026-04-24,MSFT,0.06666666666666667
2026-04-24,NVDA,0.06666666666666667
2026-04-24,AMZN,0.06666666666666667
2026-04-24,META,0.06666666666666667
2026-04-24,GOOGL,0.06666666666666667
2026-04-24,AVGO,0.06666666666666667
2026-04-24,TSLA,0.06666666666666667
2026-04-24,JPM,0.06666666666666667
2026-04-24,V,0.06666666666666667
2026-04-24,XOM,0.06666666666666667
2026-04-24,UNH,0.06666666666666667
2026-04-24,MA,0.06666666666666667
2026-04-24,PG,0.06666666666666667
2026-04-24,HD,0.06666666666666667
2026-04-27,AAPL,0.06666666666666667
2026-04-27,MSFT,0.06666666666666667
2026-04-27,NVDA,0.06666666666666667
2026-04-27,AMZN,0.06666666666666667
2026-04-27,META,0.06666666666666667
2026-04-27,GOOGL,0.06666666666666667
2026-04-27,AVGO,0.06666666666666667
2026-04-27,TSLA,0.06666666666666667
2026-04-27,JPM,0.06666666666666667
2026-04-27,V,0.06666666666666667
2026-04-27,XOM,0.06666666666666667
2026-04-27,UNH,0.06666666666666667
2026-04-27,MA,0.06666666666666667
2026-04-27,PG,0.06666666666666667
2026-04-27,HD,0.06666666666666667
2026-04-28,AAPL,0.06666666666666667
2026-04-28,MSFT,0.06666666666666667
2026-04-28,NVDA,0.06666666666666667
2026-04-28,AMZN,0.06666666666666667
2026-04-28,META,0.06666666666666667
2026-04-28,GOOGL,0.06666666666666667
2026-04-28,AVGO,0.06666666666666667
2026-04-28,TSLA,0.06666666666666667
2026-04-28,JPM,0.06666666666666667
2026-04-28,V,0.06666666666666667
2026-04-28,XOM,0.06666666666666667
2026-04-28,UNH,0.06666666666666667
2026-04-28,MA,0.06666666666666667
2026-04-28,PG,0.06666666666666667
2026-04-28,HD,0.06666666666666667
2026-04-29,AAPL,0.06666666666666667
2026-04-29,MSFT,0.06666666666666667
2026-04-29,NVDA,0.06666666666666667
2026-04-29,AMZN,0.06666666666666667
2026-04-29,META,0.06666666666666667
2026-04-29,GOOGL,0.06666666666666667
2026-04-29,AVGO,0.06666666666666667
2026-04-29,TSLA,0.06666666666666667
2026-04-29,JPM,0.06666666666666667
2026-04-29,V,0.06666666666666667
2026-04-29,XOM,0.06666666666666667
2026-04-29,UNH,0.06666666666666667
2026-04-29,MA,0.06666666666666667
2026-04-29,PG,0.06666666666666667
2026-04-29,HD,0.06666666666666667
2026-04-30,AAPL,0.06666666666666667
2026-04-30,MSFT,0.06666666666666667
2026-04-30,NVDA,0.06666666666666667
2026-04-30,AMZN,0.06666666666666667
2026-04-30,META,0.06666666666666667
2026-04-30,GOOGL,0.06666666666666667
2026-04-30,AVGO,0.06666666666666667
2026-04-30,TSLA,0.06666666666666667
2026-04-30,JPM,0.06666666666666667
2026-04-30,V,0.06666666666666667
2026-04-30,XOM,0.06666666666666667
2026-04-30,UNH,0.06666666666666667
2026-04-30,MA,0.06666666666666667
2026-04-30,PG,0.06666666666666667
2026-04-30,HD,0.06666666666666667
2026-05-01,AAPL,0.06666666666666667
2026-05-01,MSFT,0.06666666666666667
2026-05-01,NVDA,0.06666666666666667
2026-05-01,AMZN,0.06666666666666667
2026-05-01,META,0.06666666666666667
2026-05-01,GOOGL,0.06666666666666667
2026-05-01,AVGO,0.06666666666666667
2026-05-01,TSLA,0.06666666666666667
2026-05-01,JPM,0.06666666666666667
2026-05-01,V,0.06666666666666667
2026-05-01,XOM,0.06666666666666667
2026-05-01,UNH,0.06666666666666667
2026-05-01,MA,0.06666666666666667
2026-05-01,PG,0.06666666666666667
2026-05-01,HD,0.06666666666666667
2026-05-04,AAPL,0.06666666666666667
2026-05-04,MSFT,0.06666666666666667
2026-05-04,NVDA,0.06666666666666667
2026-05-04,AMZN,0.06666666666666667
2026-05-04,META,0.06666666666666667
2026-05-04,GOOGL,0.06666666666666667
2026-05-04,AVGO,0.06666666666666667
2026-05-04,TSLA,0.06666666666666667
2026-05-04,JPM,0.06666666666666667
2026-05-04,V,0.06666666666666667
2026-05-04,XOM,0.06666666666666667
2026-05-04,UNH,0.06666666666666667
2026-05-04,MA,0.06666666666666667
2026-05-04,PG,0.06666666666666667
2026-05-04,HD,0.06666666666666667
2026-05-05,AAPL,0.06666666666666667
2026-05-05,MSFT,0.06666666666666667
2026-05-05,NVDA,0.06666666666666667
2026-05-05,AMZN,0.06666666666666667
2026-05-05,META,0.06666666666666667
2026-05-05,GOOGL,0.06666666666666667
2026-05-05,AVGO,0.06666666666666667
2026-05-05,TSLA,0.06666666666666667
2026-05-05,JPM,0.06666666666666667
2026-05-05,V,0.06666666666666667
2026-05-05,XOM,0.06666666666666667
2026-05-05,UNH,0.06666666666666667
2026-05-05,MA,0.06666666666666667
2026-05-05,PG,0.06666666666666667
2026-05-05,HD,0.06666666666666667
2026-05-06,AAPL,0.06666666666666667
2026-05-06,MSFT,0.06666666666666667
2026-05-06,NVDA,0.06666666666666667
2026-05-06,AMZN,0.06666666666666667
2026-05-06,META,0.06666666666666667
2026-05-06,GOOGL,0.06666666666666667
2026-05-06,AVGO,0.06666666666666667
2026-05-06,TSLA,0.06666666666666667
2026-05-06,JPM,0.06666666666666667
2026-05-06,V,0.06666666666666667
2026-05-06,XOM,0.06666666666666667
2026-05-06,UNH,0.06666666666666667
2026-05-06,MA,0.06666666666666667
2026-05-06,PG,0.06666666666666667
2026-05-06,HD,0.06666666666666667
2026-05-07,AAPL,0.06666666666666667
2026-05-07,MSFT,0.06666666666666667
2026-05-07,NVDA,0.06666666666666667
2026-05-07,AMZN,0.06666666666666667
2026-05-07,META,0.06666666666666667
2026-05-07,GOOGL,0.06666666666666667
2026-05-07,AVGO,0.06666666666666667
2026-05-07,TSLA,0.06666666666666667
2026-05-07,JPM,0.06666666666666667
2026-05-07,V,0.06666666666666667
2026-05-07,XOM,0.06666666666666667
2026-05-07,UNH,0.06666666666666667
2026-05-07,MA,0.06666666666666667
2026-05-07,PG,0.06666666666666667
2026-05-07,HD,0.06666666666666667
2026-05-08,AAPL,0.06666666666666667
2026-05-08,MSFT,0.06666666666666667
2026-05-08,NVDA,0.06666666666666667
2026-05-08,AMZN,0.06666666666666667
2026-05-08,META,0.06666666666666667
2026-05-08,GOOGL,0.06666666666666667
2026-05-08,AVGO,0.06666666666666667
2026-05-08,TSLA,0.06666666666666667
2026-05-08,JPM,0.06666666666666667
2026-05-08,V,0.06666666666666667
2026-05-08,XOM,0.06666666666666667
2026-05-08,UNH,0.06666666666666667
2026-05-08,MA,0.06666666666666667
2026-05-08,PG,0.06666666666666667
2026-05-08,HD,0.06666666666666667
2026-05-11,AAPL,0.06666666666666667
2026-05-11,MSFT,0.06666666666666667
2026-05-11,NVDA,0.06666666666666667
2026-05-11,AMZN,0.06666666666666667
2026-05-11,META,0.06666666666666667
2026-05-11,GOOGL,0.06666666666666667
2026-05-11,AVGO,0.06666666666666667
2026-05-11,TSLA,0.06666666666666667
2026-05-11,JPM,0.06666666666666667
2026-05-11,V,0.06666666666666667
2026-05-11,XOM,0.06666666666666667
2026-05-11,UNH,0.06666666666666667
2026-05-11,MA,0.06666666666666667
2026-05-11,PG,0.06666666666666667
2026-05-11,HD,0.06666666666666667
2026-05-12,AAPL,0.06666666666666667
2026-05-12,MSFT,0.06666666666666667
2026-05-12,NVDA,0.06666666666666667
2026-05-12,AMZN,0.06666666666666667
2026-05-12,META,0.06666666666666667
2026-05-12,GOOGL,0.06666666666666667
2026-05-12,AVGO,0.06666666666666667
2026-05-12,TSLA,0.06666666666666667
2026-05-12,JPM,0.06666666666666667
2026-05-12,V,0.06666666666666667
2026-05-12,XOM,0.06666666666666667
2026-05-12,UNH,0.06666666666666667
2026-05-12,MA,0.06666666666666667
2026-05-12,PG,0.06666666666666667
2026-05-12,HD,0.06666666666666667
2026-05-13,AAPL,0.06666666666666667
2026-05-13,MSFT,0.06666666666666667
2026-05-13,NVDA,0.06666666666666667
2026-05-13,AMZN,0.06666666666666667
2026-05-13,META,0.06666666666666667
2026-05-13,GOOGL,0.06666666666666667
2026-05-13,AVGO,0.06666666666666667
2026-05-13,TSLA,0.06666666666666667
2026-05-13,JPM,0.06666666666666667
2026-05-13,V,0.06666666666666667
2026-05-13,XOM,0.06666666666666667
2026-05-13,UNH,0.06666666666666667
2026-05-13,MA,0.06666666666666667
2026-05-13,PG,0.06666666666666667
2026-05-13,HD,0.06666666666666667
2026-05-14,AAPL,0.06666666666666667
2026-05-14,MSFT,0.06666666666666667
2026-05-14,NVDA,0.06666666666666667
2026-05-14,AMZN,0.06666666666666667
2026-05-14,META,0.06666666666666667
2026-05-14,GOOGL,0.06666666666666667
2026-05-14,AVGO,0.06666666666666667
2026-05-14,TSLA,0.06666666666666667
2026-05-14,JPM,0.06666666666666667
2026-05-14,V,0.06666666666666667
2026-05-14,XOM,0.06666666666666667
2026-05-14,UNH,0.06666666666666667
2026-05-14,MA,0.06666666666666667
2026-05-14,PG,0.06666666666666667
2026-05-14,HD,0.06666666666666667
2026-05-15,AAPL,0.06666666666666667
2026-05-15,MSFT,0.06666666666666667
2026-05-15,NVDA,0.06666666666666667
2026-05-15,AMZN,0.06666666666666667
2026-05-15,META,0.06666666666666667
2026-05-15,GOOGL,0.06666666666666667
2026-05-15,AVGO,0.06666666666666667
2026-05-15,TSLA,0.06666666666666667
2026-05-15,JPM,0.06666666666666667
2026-05-15,V,0.06666666666666667
2026-05-15,XOM,0.06666666666666667
2026-05-15,UNH,0.06666666666666667
2026-05-15,MA,0.06666666666666667
2026-05-15,PG,0.06666666666666667
2026-05-15,HD,0.06666666666666667
2026-05-18,AAPL,0.06666666666666667
2026-05-18,MSFT,0.06666666666666667
2026-05-18,NVDA,0.06666666666666667
2026-05-18,AMZN,0.06666666666666667
2026-05-18,META,0.06666666666666667
2026-05-18,GOOGL,0.06666666666666667
2026-05-18,AVGO,0.06666666666666667
2026-05-18,TSLA,0.06666666666666667
2026-05-18,JPM,0.06666666666666667
2026-05-18,V,0.06666666666666667
2026-05-18,XOM,0.06666666666666667
2026-05-18,UNH,0.06666666666666667
2026-05-18,MA,0.06666666666666667
2026-05-18,PG,0.06666666666666667
2026-05-18,HD,0.06666666666666667
2026-05-19,AAPL,0.06666666666666667
2026-05-19,MSFT,0.06666666666666667
2026-05-19,NVDA,0.06666666666666667
2026-05-19,AMZN,0.06666666666666667
2026-05-19,META,0.06666666666666667
2026-05-19,GOOGL,0.06666666666666667
2026-05-19,AVGO,0.06666666666666667
2026-05-19,TSLA,0.06666666666666667
2026-05-19,JPM,0.06666666666666667
2026-05-19,V,0.06666666666666667
2026-05-19,XOM,0.06666666666666667
2026-05-19,UNH,0.06666666666666667
2026-05-19,MA,0.06666666666666667
2026-05-19,PG,0.06666666666666667
2026-05-19,HD,0.06666666666666667
2026-05-20,AAPL,0.06666666666666667
2026-05-20,MSFT,0.06666666666666667
2026-05-20,NVDA,0.06666666666666667
2026-05-20,AMZN,0.06666666666666667
2026-05-20,META,0.06666666666666667
2026-05-20,GOOGL,0.06666666666666667
2026-05-20,AVGO,0.06666666666666667
2026-05-20,TSLA,0.06666666666666667
2026-05-20,JPM,0.06666666666666667
2026-05-20,V,0.06666666666666667
2026-05-20,XOM,0.06666666666666667
2026-05-20,UNH,0.06666666666666667
2026-05-20,MA,0.06666666666666667
2026-05-20,PG,0.06666666666666667
2026-05-20,HD,0.06666666666666667
2026-05-21,AAPL,0.06666666666666667
2026-05-21,MSFT,0.06666666666666667
2026-05-21,NVDA,0.06666666666666667
2026-05-21,AMZN,0.06666666666666667
2026-05-21,META,0.06666666666666667
2026-05-21,GOOGL,0.06666666666666667
2026-05-21,AVGO,0.06666666666666667
2026-05-21,TSLA,0.06666666666666667
2026-05-21,JPM,0.06666666666666667
2026-05-21,V,0.06666666666666667
2026-05-21,XOM,0.06666666666666667
2026-05-21,UNH,0.06666666666666667
2026-05-21,MA,0.06666666666666667
2026-05-21,PG,0.06666666666666667
2026-05-21,HD,0.06666666666666667
2026-05-22,AAPL,0.06666666666666667
2026-05-22,MSFT,0.06666666666666667
2026-05-22,NVDA,0.06666666666666667
2026-05-22,AMZN,0.06666666666666667
2026-05-22,META,0.06666666666666667
2026-05-22,GOOGL,0.06666666666666667
2026-05-22,AVGO,0.06666666666666667
2026-05-22,TSLA,0.06666666666666667
2026-05-22,JPM,0.06666666666666667
2026-05-22,V,0.06666666666666667
2026-05-22,XOM,0.06666666666666667
2026-05-22,UNH,0.06666666666666667
2026-05-22,MA,0.06666666666666667
2026-05-22,PG,0.06666666666666667
2026-05-22,HD,0.06666666666666667
2026-05-26,AAPL,0.06666666666666667
2026-05-26,MSFT,0.06666666666666667
2026-05-26,NVDA,0.06666666666666667
2026-05-26,AMZN,0.06666666666666667
2026-05-26,META,0.06666666666666667
2026-05-26,GOOGL,0.06666666666666667
2026-05-26,AVGO,0.06666666666666667
2026-05-26,TSLA,0.06666666666666667
2026-05-26,JPM,0.06666666666666667
2026-05-26,V,0.06666666666666667
2026-05-26,XOM,0.06666666666666667
2026-05-26,UNH,0.06666666666666667
2026-05-26,MA,0.06666666666666667
2026-05-26,PG,0.06666666666666667
2026-05-26,HD,0.06666666666666667
2026-05-27,AAPL,0.06666666666666667
2026-05-27,MSFT,0.06666666666666667
2026-05-27,NVDA,0.06666666666666667
2026-05-27,AMZN,0.06666666666666667
2026-05-27,META,0.06666666666666667
2026-05-27,GOOGL,0.06666666666666667
2026-05-27,AVGO,0.06666666666666667
2026-05-27,TSLA,0.06666666666666667
2026-05-27,JPM,0.06666666666666667
2026-05-27,V,0.06666666666666667
2026-05-27,XOM,0.06666666666666667
2026-05-27,UNH,0.06666666666666667
2026-05-27,MA,0.06666666666666667
2026-05-27,PG,0.06666666666666667
2026-05-27,HD,0.06666666666666667
2026-05-28,AAPL,0.06666666666666667
2026-05-28,MSFT,0.06666666666666667
2026-05-28,NVDA,0.06666666666666667
2026-05-28,AMZN,0.06666666666666667
2026-05-28,META,0.06666666666666667
2026-05-28,GOOGL,0.06666666666666667
2026-05-28,AVGO,0.06666666666666667
2026-05-28,TSLA,0.06666666666666667
2026-05-28,JPM,0.06666666666666667
2026-05-28,V,0.06666666666666667
2026-05-28,XOM,0.06666666666666667
2026-05-28,UNH,0.06666666666666667
2026-05-28,MA,0.06666666666666667
2026-05-28,PG,0.06666666666666667
2026-05-28,HD,0.06666666666666667
2026-05-29,AAPL,0.06666666666666667
2026-05-29,MSFT,0.06666666666666667
2026-05-29,NVDA,0.06666666666666667
2026-05-29,AMZN,0.06666666666666667
2026-05-29,META,0.06666666666666667
2026-05-29,GOOGL,0.06666666666666667
2026-05-29,AVGO,0.06666666666666667
2026-05-29,TSLA,0.06666666666666667
2026-05-29,JPM,0.06666666666666667
2026-05-29,V,0.06666666666666667
2026-05-29,XOM,0.06666666666666667
2026-05-29,UNH,0.06666666666666667
2026-05-29,MA,0.06666666666666667
2026-05-29,PG,0.06666666666666667
2026-05-29,HD,0.06666666666666667
2026-06-01,AAPL,0.06666666666666667
2026-06-01,MSFT,0.06666666666666667
2026-06-01,NVDA,0.06666666666666667
2026-06-01,AMZN,0.06666666666666667
2026-06-01,META,0.06666666666666667
2026-06-01,GOOGL,0.06666666666666667
2026-06-01,AVGO,0.06666666666666667
2026-06-01,TSLA,0.06666666666666667
2026-06-01,JPM,0.06666666666666667
2026-06-01,V,0.06666666666666667
2026-06-01,XOM,0.06666666666666667
2026-06-01,UNH,0.06666666666666667
2026-06-01,MA,0.06666666666666667
2026-06-01,PG,0.06666666666666667
2026-06-01,HD,0.06666666666666667
2026-06-02,AAPL,0.06666666666666667
2026-06-02,MSFT,0.06666666666666667
2026-06-02,NVDA,0.06666666666666667
2026-06-02,AMZN,0.06666666666666667
2026-06-02,META,0.06666666666666667
2026-06-02,GOOGL,0.06666666666666667
2026-06-02,AVGO,0.06666666666666667
2026-06-02,TSLA,0.06666666666666667
2026-06-02,JPM,0.06666666666666667
2026-06-02,V,0.06666666666666667
2026-06-02,XOM,0.06666666666666667
2026-06-02,UNH,0.06666666666666667
2026-06-02,MA,0.06666666666666667
2026-06-02,PG,0.06666666666666667
2026-06-02,HD,0.06666666666666667
2026-06-03,AAPL,0.06666666666666667
2026-06-03,MSFT,0.06666666666666667
2026-06-03,NVDA,0.06666666666666667
2026-06-03,AMZN,0.06666666666666667
2026-06-03,META,0.06666666666666667
2026-06-03,GOOGL,0.06666666666666667
2026-06-03,AVGO,0.06666666666666667
2026-06-03,TSLA,0.06666666666666667
2026-06-03,JPM,0.06666666666666667
2026-06-03,V,0.06666666666666667
2026-06-03,XOM,0.06666666666666667
2026-06-03,UNH,0.06666666666666667
2026-06-03,MA,0.06666666666666667
2026-06-03,PG,0.06666666666666667
2026-06-03,HD,0.06666666666666667
2026-06-04,AAPL,0.06666666666666667
2026-06-04,MSFT,0.06666666666666667
2026-06-04,NVDA,0.06666666666666667
2026-06-04,AMZN,0.06666666666666667
2026-06-04,META,0.06666666666666667
2026-06-04,GOOGL,0.06666666666666667
2026-06-04,AVGO,0.06666666666666667
2026-06-04,TSLA,0.06666666666666667
2026-06-04,JPM,0.06666666666666667
2026-06-04,V,0.06666666666666667
2026-06-04,XOM,0.06666666666666667
2026-06-04,UNH,0.06666666666666667
2026-06-04,MA,0.06666666666666667
2026-06-04,PG,0.06666666666666667
2026-06-04,HD,0.06666666666666667
2026-06-05,AAPL,0.06666666666666667
2026-06-05,MSFT,0.06666666666666667
2026-06-05,NVDA,0.06666666666666667
2026-06-05,AMZN,0.06666666666666667
2026-06-05,META,0.06666666666666667
2026-06-05,GOOGL,0.06666666666666667
2026-06-05,AVGO,0.06666666666666667
2026-06-05,TSLA,0.06666666666666667
2026-06-05,JPM,0.06666666666666667
2026-06-05,V,0.06666666666666667
2026-06-05,XOM,0.06666666666666667
2026-06-05,UNH,0.06666666666666667
2026-06-05,MA,0.06666666666666667
2026-06-05,PG,0.06666666666666667
2026-06-05,HD,0.06666666666666667
2026-06-08,AAPL,0.06666666666666667
2026-06-08,MSFT,0.06666666666666667
2026-06-08,NVDA,0.06666666666666667
2026-06-08,AMZN,0.06666666666666667
2026-06-08,META,0.06666666666666667
2026-06-08,GOOGL,0.06666666666666667
2026-06-08,AVGO,0.06666666666666667
2026-06-08,TSLA,0.06666666666666667
2026-06-08,JPM,0.06666666666666667
2026-06-08,V,0.06666666666666667
2026-06-08,XOM,0.06666666666666667
2026-06-08,UNH,0.06666666666666667
2026-06-08,MA,0.06666666666666667
2026-06-08,PG,0.06666666666666667
2026-06-08,HD,0.06666666666666667
2026-06-09,AAPL,0.06666666666666667
2026-06-09,MSFT,0.06666666666666667
2026-06-09,NVDA,0.06666666666666667
2026-06-09,AMZN,0.06666666666666667
2026-06-09,META,0.06666666666666667
2026-06-09,GOOGL,0.06666666666666667
2026-06-09,AVGO,0.06666666666666667
2026-06-09,TSLA,0.06666666666666667
2026-06-09,JPM,0.06666666666666667
2026-06-09,V,0.06666666666666667
2026-06-09,XOM,0.06666666666666667
2026-06-09,UNH,0.06666666666666667
2026-06-09,MA,0.06666666666666667
2026-06-09,PG,0.06666666666666667
2026-06-09,HD,0.06666666666666667
2026-06-10,AAPL,0.06666666666666667
2026-06-10,MSFT,0.06666666666666667
2026-06-10,NVDA,0.06666666666666667
2026-06-10,AMZN,0.06666666666666667
2026-06-10,META,0.06666666666666667
2026-06-10,GOOGL,0.06666666666666667
2026-06-10,AVGO,0.06666666666666667
2026-06-10,TSLA,0.06666666666666667
2026-06-10,JPM,0.06666666666666667
2026-06-10,V,0.06666666666666667
2026-06-10,XOM,0.06666666666666667
2026-06-10,UNH,0.06666666666666667
2026-06-10,MA,0.06666666666666667
2026-06-10,PG,0.06666666666666667
2026-06-10,HD,0.06666666666666667
2026-06-11,AAPL,0.06666666666666667
2026-06-11,MSFT,0.06666666666666667
2026-06-11,NVDA,0.06666666666666667
2026-06-11,AMZN,0.06666666666666667
2026-06-11,META,0.06666666666666667
2026-06-11,GOOGL,0.06666666666666667
2026-06-11,AVGO,0.06666666666666667
2026-06-11,TSLA,0.06666666666666667
2026-06-11,JPM,0.06666666666666667
2026-06-11,V,0.06666666666666667
2026-06-11,XOM,0.06666666666666667
2026-06-11,UNH,0.06666666666666667
2026-06-11,MA,0.06666666666666667
2026-06-11,PG,0.06666666666666667
2026-06-11,HD,0.06666666666666667
2026-06-12,AAPL,0.06666666666666667
2026-06-12,MSFT,0.06666666666666667
2026-06-12,NVDA,0.06666666666666667
2026-06-12,AMZN,0.06666666666666667
2026-06-12,META,0.06666666666666667
2026-06-12,GOOGL,0.06666666666666667
2026-06-12,AVGO,0.06666666666666667
2026-06-12,TSLA,0.06666666666666667
2026-06-12,JPM,0.06666666666666667
2026-06-12,V,0.06666666666666667
2026-06-12,XOM,0.06666666666666667
2026-06-12,UNH,0.06666666666666667
2026-06-12,MA,0.06666666666666667
2026-06-12,PG,0.06666666666666667
2026-06-12,HD,0.06666666666666667
2026-06-15,AAPL,0.06666666666666667
2026-06-15,MSFT,0.06666666666666667
2026-06-15,NVDA,0.06666666666666667
2026-06-15,AMZN,0.06666666666666667
2026-06-15,META,0.06666666666666667
2026-06-15,GOOGL,0.06666666666666667
2026-06-15,AVGO,0.06666666666666667
2026-06-15,TSLA,0.06666666666666667
2026-06-15,JPM,0.06666666666666667
2026-06-15,V,0.06666666666666667
2026-06-15,XOM,0.06666666666666667
2026-06-15,UNH,0.06666666666666667
2026-06-15,MA,0.06666666666666667
2026-06-15,PG,0.06666666666666667
2026-06-15,HD,0.06666666666666667
2026-06-16,AAPL,0.06666666666666667
2026-06-16,MSFT,0.06666666666666667
2026-06-16,NVDA,0.06666666666666667
2026-06-16,AMZN,0.06666666666666667
2026-06-16,META,0.06666666666666667
2026-06-16,GOOGL,0.06666666666666667
2026-06-16,AVGO,0.06666666666666667
2026-06-16,TSLA,0.06666666666666667
2026-06-16,JPM,0.06666666666666667
2026-06-16,V,0.06666666666666667
2026-06-16,XOM,0.06666666666666667
2026-06-16,UNH,0.06666666666666667
2026-06-16,MA,0.06666666666666667
2026-06-16,PG,0.06666666666666667
2026-06-16,HD,0.06666666666666667
2026-06-17,AAPL,0.06666666666666667
2026-06-17,MSFT,0.06666666666666667
2026-06-17,NVDA,0.06666666666666667
2026-06-17,AMZN,0.06666666666666667
2026-06-17,META,0.06666666666666667
2026-06-17,GOOGL,0.06666666666666667
2026-06-17,AVGO,0.06666666666666667
2026-06-17,TSLA,0.06666666666666667
2026-06-17,JPM,0.06666666666666667
2026-06-17,V,0.06666666666666667
2026-06-17,XOM,0.06666666666666667
2026-06-17,UNH,0.06666666666666667
2026-06-17,MA,0.06666666666666667
2026-06-17,PG,0.06666666666666667
2026-06-17,HD,0.06666666666666667
2026-06-18,AAPL,0.06666666666666667
2026-06-18,MSFT,0.06666666666666667
2026-06-18,NVDA,0.06666666666666667
2026-06-18,AMZN,0.06666666666666667
2026-06-18,META,0.06666666666666667
2026-06-18,GOOGL,0.06666666666666667
2026-06-18,AVGO,0.06666666666666667
2026-06-18,TSLA,0.06666666666666667
2026-06-18,JPM,0.06666666666666667
2026-06-18,V,0.06666666666666667
2026-06-18,XOM,0.06666666666666667
2026-06-18,UNH,0.06666666666666667
2026-06-18,MA,0.06666666666666667
2026-06-18,PG,0.06666666666666667
2026-06-18,HD,0.06666666666666667
2026-06-22,AAPL,0.06666666666666667
2026-06-22,MSFT,0.06666666666666667
2026-06-22,NVDA,0.06666666666666667
2026-06-22,AMZN,0.06666666666666667
2026-06-22,META,0.06666666666666667
2026-06-22,GOOGL,0.06666666666666667
2026-06-22,AVGO,0.06666666666666667
2026-06-22,TSLA,0.06666666666666667
2026-06-22,JPM,0.06666666666666667
2026-06-22,V,0.06666666666666667
2026-06-22,XOM,0.06666666666666667
2026-06-22,UNH,0.06666666666666667
2026-06-22,MA,0.06666666666666667
2026-06-22,PG,0.06666666666666667
2026-06-22,HD,0.06666666666666667
2026-06-23,AAPL,0.06666666666666667
2026-06-23,MSFT,0.06666666666666667
2026-06-23,NVDA,0.06666666666666667
2026-06-23,AMZN,0.06666666666666667
2026-06-23,META,0.06666666666666667
2026-06-23,GOOGL,0.06666666666666667
2026-06-23,AVGO,0.06666666666666667
2026-06-23,TSLA,0.06666666666666667
2026-06-23,JPM,0.06666666666666667
2026-06-23,V,0.06666666666666667
2026-06-23,XOM,0.06666666666666667
2026-06-23,UNH,0.06666666666666667
2026-06-23,MA,0.06666666666666667
2026-06-23,PG,0.06666666666666667
2026-06-23,HD,0.06666666666666667
2026-06-24,AAPL,0.06666666666666667
2026-06-24,MSFT,0.06666666666666667
2026-06-24,NVDA,0.06666666666666667
2026-06-24,AMZN,0.06666666666666667
2026-06-24,META,0.06666666666666667
2026-06-24,GOOGL,0.06666666666666667
2026-06-24,AVGO,0.06666666666666667
2026-06-24,TSLA,0.06666666666666667
2026-06-24,JPM,0.06666666666666667
2026-06-24,V,0.06666666666666667
2026-06-24,XOM,0.06666666666666667
2026-06-24,UNH,0.06666666666666667
2026-06-24,MA,0.06666666666666667
2026-06-24,PG,0.06666666666666667
2026-06-24,HD,0.06666666666666667
2026-06-25,AAPL,0.06666666666666667
2026-06-25,MSFT,0.06666666666666667
2026-06-25,NVDA,0.06666666666666667
2026-06-25,AMZN,0.06666666666666667
2026-06-25,META,0.06666666666666667
2026-06-25,GOOGL,0.06666666666666667
2026-06-25,AVGO,0.06666666666666667
2026-06-25,TSLA,0.06666666666666667
2026-06-25,JPM,0.06666666666666667
2026-06-25,V,0.06666666666666667
2026-06-25,XOM,0.06666666666666667
2026-06-25,UNH,0.06666666666666667
2026-06-25,MA,0.06666666666666667
2026-06-25,PG,0.06666666666666667
2026-06-25,HD,0.06666666666666667
2026-06-26,AAPL,0.06666666666666667
2026-06-26,MSFT,0.06666666666666667
2026-06-26,NVDA,0.06666666666666667
2026-06-26,AMZN,0.06666666666666667
2026-06-26,META,0.06666666666666667
2026-06-26,GOOGL,0.06666666666666667
2026-06-26,AVGO,0.06666666666666667
2026-06-26,TSLA,0.06666666666666667
2026-06-26,JPM,0.06666666666666667
2026-06-26,V,0.06666666666666667
2026-06-26,XOM,0.06666666666666667
2026-06-26,UNH,0.06666666666666667
2026-06-26,MA,0.06666666666666667
2026-06-26,PG,0.06666666666666667
2026-06-26,HD,0.06666666666666667
2026-06-29,AAPL,0.06666666666666667
2026-06-29,MSFT,0.06666666666666667
2026-06-29,NVDA,0.06666666666666667
2026-06-29,AMZN,0.06666666666666667
2026-06-29,META,0.06666666666666667
2026-06-29,GOOGL,0.06666666666666667
2026-06-29,AVGO,0.06666666666666667
2026-06-29,TSLA,0.06666666666666667
2026-06-29,JPM,0.06666666666666667
2026-06-29,V,0.06666666666666667
2026-06-29,XOM,0.06666666666666667
2026-06-29,UNH,0.06666666666666667
2026-06-29,MA,0.06666666666666667
2026-06-29,PG,0.06666666666666667
2026-06-29,HD,0.06666666666666667
2026-06-30,AAPL,0.06666666666666667
2026-06-30,MSFT,0.06666666666666667
2026-06-30,NVDA,0.06666666666666667
2026-06-30,AMZN,0.06666666666666667
2026-06-30,META,0.06666666666666667
2026-06-30,GOOGL,0.06666666666666667
2026-06-30,AVGO,0.06666666666666667
2026-06-30,TSLA,0.06666666666666667
2026-06-30,JPM,0.06666666666666667
2026-06-30,V,0.06666666666666667
2026-06-30,XOM,0.06666666666666667
2026-06-30,UNH,0.06666666666666667
2026-06-30,MA,0.06666666666666667
2026-06-30,PG,0.06666666666666667
2026-06-30,HD,0.06666666666666667
2026-07-01,AAPL,0.06666666666666667
2026-07-01,MSFT,0.06666666666666667
2026-07-01,NVDA,0.06666666666666667
2026-07-01,AMZN,0.06666666666666667
2026-07-01,META,0.06666666666666667
2026-07-01,GOOGL,0.06666666666666667
2026-07-01,AVGO,0.06666666666666667
2026-07-01,TSLA,0.06666666666666667
2026-07-01,JPM,0.06666666666666667
2026-07-01,V,0.06666666666666667
2026-07-01,XOM,0.06666666666666667
2026-07-01,UNH,0.06666666666666667
2026-07-01,MA,0.06666666666666667
2026-07-01,PG,0.06666666666666667
2026-07-01,HD,0.06666666666666667
2026-07-02,AAPL,0.06666666666666667
2026-07-02,MSFT,0.06666666666666667
2026-07-02,NVDA,0.06666666666666667
2026-07-02,AMZN,0.06666666666666667
2026-07-02,META,0.06666666666666667
2026-07-02,GOOGL,0.06666666666666667
2026-07-02,AVGO,0.06666666666666667
2026-07-02,TSLA,0.06666666666666667
2026-07-02,JPM,0.06666666666666667
2026-07-02,V,0.06666666666666667
2026-07-02,XOM,0.06666666666666667
2026-07-02,UNH,0.06666666666666667
2026-07-02,MA,0.06666666666666667
2026-07-02,PG,0.06666666666666667
2026-07-02,HD,0.06666666666666667
2026-07-06,AAPL,0.06666666666666667
2026-07-06,MSFT,0.06666666666666667
2026-07-06,NVDA,0.06666666666666667
2026-07-06,AMZN,0.06666666666666667
2026-07-06,META,0.06666666666666667
2026-07-06,GOOGL,0.06666666666666667
2026-07-06,AVGO,0.06666666666666667
2026-07-06,TSLA,0.06666666666666667
2026-07-06,JPM,0.06666666666666667
2026-07-06,V,0.06666666666666667
2026-07-06,XOM,0.06666666666666667
2026-07-06,UNH,0.06666666666666667
2026-07-06,MA,0.06666666666666667
2026-07-06,PG,0.06666666666666667
2026-07-06,HD,0.06666666666666667
2026-07-07,AAPL,0.06666666666666667
2026-07-07,MSFT,0.06666666666666667
2026-07-07,NVDA,0.06666666666666667
2026-07-07,AMZN,0.06666666666666667
2026-07-07,META,0.06666666666666667
2026-07-07,GOOGL,0.06666666666666667
2026-07-07,AVGO,0.06666666666666667
2026-07-07,TSLA,0.06666666666666667
2026-07-07,JPM,0.06666666666666667
2026-07-07,V,0.06666666666666667
2026-07-07,XOM,0.06666666666666667
2026-07-07,UNH,0.06666666666666667
2026-07-07,MA,0.06666666666666667
2026-07-07,PG,0.06666666666666667
2026-07-07,HD,0.06666666666666667
2026-07-08,AAPL,0.06666666666666667
2026-07-08,MSFT,0.06666666666666667
2026-07-08,NVDA,0.06666666666666667
2026-07-08,AMZN,0.06666666666666667
2026-07-08,META,0.06666666666666667
2026-07-08,GOOGL,0.06666666666666667
2026-07-08,AVGO,0.06666666666666667
2026-07-08,TSLA,0.06666666666666667
2026-07-08,JPM,0.06666666666666667
2026-07-08,V,0.06666666666666667
2026-07-08,XOM,0.06666666666666667
2026-07-08,UNH,0.06666666666666667
2026-07-08,MA,0.06666666666666667
2026-07-08,PG,0.06666666666666667
2026-07-08,HD,0.06666666666666667
2026-07-09,AAPL,0.06666666666666667
2026-07-09,MSFT,0.06666666666666667
2026-07-09,NVDA,0.06666666666666667
2026-07-09,AMZN,0.06666666666666667
2026-07-09,META,0.06666666666666667
2026-07-09,GOOGL,0.06666666666666667
2026-07-09,AVGO,0.06666666666666667
2026-07-09,TSLA,0.06666666666666667
2026-07-09,JPM,0.06666666666666667
2026-07-09,V,0.06666666666666667
2026-07-09,XOM,0.06666666666666667
2026-07-09,UNH,0.06666666666666667
2026-07-09,MA,0.06666666666666667
2026-07-09,PG,0.06666666666666667
2026-07-09,HD,0.06666666666666667
2026-07-10,AAPL,0.06666666666666667
2026-07-10,MSFT,0.06666666666666667
2026-07-10,NVDA,0.06666666666666667
2026-07-10,AMZN,0.06666666666666667
2026-07-10,META,0.06666666666666667
2026-07-10,GOOGL,0.06666666666666667
2026-07-10,AVGO,0.06666666666666667
2026-07-10,TSLA,0.06666666666666667
2026-07-10,JPM,0.06666666666666667
2026-07-10,V,0.06666666666666667
2026-07-10,XOM,0.06666666666666667
2026-07-10,UNH,0.06666666666666667
2026-07-10,MA,0.06666666666666667
2026-07-10,PG,0.06666666666666667
2026-07-10,HD,0.06666666666666667
2026-07-13,AAPL,0.06666666666666667
2026-07-13,MSFT,0.06666666666666667
2026-07-13,NVDA,0.06666666666666667
2026-07-13,AMZN,0.06666666666666667
2026-07-13,META,0.06666666666666667
2026-07-13,GOOGL,0.06666666666666667
2026-07-13,AVGO,0.06666666666666667
2026-07-13,TSLA,0.06666666666666667
2026-07-13,JPM,0.06666666666666667
2026-07-13,V,0.06666666666666667
2026-07-13,XOM,0.06666666666666667
2026-07-13,UNH,0.06666666666666667
2026-07-13,MA,0.06666666666666667
2026-07-13,PG,0.06666666666666667
2026-07-13,HD,0.06666666666666667
2026-07-14,AAPL,0.06666666666666667
2026-07-14,MSFT,0.06666666666666667
2026-07-14,NVDA,0.06666666666666667
2026-07-14,AMZN,0.06666666666666667
2026-07-14,META,0.06666666666666667
2026-07-14,GOOGL,0.06666666666666667
2026-07-14,AVGO,0.06666666666666667
2026-07-14,TSLA,0.06666666666666667
2026-07-14,JPM,0.06666666666666667
2026-07-14,V,0.06666666666666667
2026-07-14,XOM,0.06666666666666667
2026-07-14,UNH,0.06666666666666667
2026-07-14,MA,0.06666666666666667
2026-07-14,PG,0.06666666666666667
2026-07-14,HD,0.06666666666666667
2026-07-15,AAPL,0.06666666666666667
2026-07-15,MSFT,0.06666666666666667
2026-07-15,NVDA,0.06666666666666667
2026-07-15,AMZN,0.06666666666666667
2026-07-15,META,0.06666666666666667
2026-07-15,GOOGL,0.06666666666666667
2026-07-15,AVGO,0.06666666666666667
2026-07-15,TSLA,0.06666666666666667
2026-07-15,JPM,0.06666666666666667
2026-07-15,V,0.06666666666666667
2026-07-15,XOM,0.06666666666666667
2026-07-15,UNH,0.06666666666666667
2026-07-15,MA,0.06666666666666667
2026-07-15,PG,0.06666666666666667
2026-07-15,HD,0.06666666666666667
2026-07-16,AAPL,0.06666666666666667
2026-07-16,MSFT,0.06666666666666667
2026-07-16,NVDA,0.06666666666666667
2026-07-16,AMZN,0.06666666666666667
2026-07-16,META,0.06666666666666667
2026-07-16,GOOGL,0.06666666666666667
2026-07-16,AVGO,0.06666666666666667
2026-07-16,TSLA,0.06666666666666667
2026-07-16,JPM,0.06666666666666667
2026-07-16,V,0.06666666666666667
2026-07-16,XOM,0.06666666666666667
2026-07-16,UNH,0.06666666666666667
2026-07-16,MA,0.06666666666666667
2026-07-16,PG,0.06666666666666667
2026-07-16,HD,0.06666666666666667
2026-07-17,AAPL,0.06666666666666667
2026-07-17,MSFT,0.06666666666666667
2026-07-17,NVDA,0.06666666666666667
2026-07-17,AMZN,0.06666666666666667
2026-07-17,META,0.06666666666666667
2026-07-17,GOOGL,0.06666666666666667
2026-07-17,AVGO,0.06666666666666667
2026-07-17,TSLA,0.06666666666666667
2026-07-17,JPM,0.06666666666666667
2026-07-17,V,0.06666666666666667
2026-07-17,XOM,0.06666666666666667
2026-07-17,UNH,0.06666666666666667
2026-07-17,MA,0.06666666666666667
2026-07-17,PG,0.06666666666666667
2026-07-17,HD,0.06666666666666667
2026-07-20,AAPL,0.06666666666666667
2026-07-20,MSFT,0.06666666666666667
2026-07-20,NVDA,0.06666666666666667
2026-07-20,AMZN,0.06666666666666667
2026-07-20,META,0.06666666666666667
2026-07-20,GOOGL,0.06666666666666667
2026-07-20,AVGO,0.06666666666666667
2026-07-20,TSLA,0.06666666666666667
2026-07-20,JPM,0.06666666666666667
2026-07-20,V,0.06666666666666667
2026-07-20,XOM,0.06666666666666667
2026-07-20,UNH,0.06666666666666667
2026-07-20,MA,0.06666666666666667
2026-07-20,PG,0.06666666666666667
2026-07-20,HD,0.06666666666666667
2026-07-21,AAPL,0.06666666666666667
2026-07-21,MSFT,0.06666666666666667
2026-07-21,NVDA,0.06666666666666667
2026-07-21,AMZN,0.06666666666666667
2026-07-21,META,0.06666666666666667
2026-07-21,GOOGL,0.06666666666666667
2026-07-21,AVGO,0.06666666666666667
2026-07-21,TSLA,0.06666666666666667
2026-07-21,JPM,0.06666666666666667
2026-07-21,V,0.06666666666666667
2026-07-21,XOM,0.06666666666666667
2026-07-21,UNH,0.06666666666666667
2026-07-21,MA,0.06666666666666667
2026-07-21,PG,0.06666666666666667
2026-07-21,HD,0.06666666666666667
2026-07-22,AAPL,0.06666666666666667
2026-07-22,MSFT,0.06666666666666667
2026-07-22,NVDA,0.06666666666666667
2026-07-22,AMZN,0.06666666666666667
2026-07-22,META,0.06666666666666667
2026-07-22,GOOGL,0.06666666666666667
2026-07-22,AVGO,0.06666666666666667
2026-07-22,TSLA,0.06666666666666667
2026-07-22,JPM,0.06666666666666667
2026-07-22,V,0.06666666666666667
2026-07-22,XOM,0.06666666666666667
2026-07-22,UNH,0.06666666666666667
2026-07-22,MA,0.06666666666666667
2026-07-22,PG,0.06666666666666667
2026-07-22,HD,0.06666666666666667
2026-07-23,AAPL,0.06666666666666667
2026-07-23,MSFT,0.06666666666666667
2026-07-23,NVDA,0.06666666666666667
2026-07-23,AMZN,0.06666666666666667
2026-07-23,META,0.06666666666666667
2026-07-23,GOOGL,0.06666666666666667
2026-07-23,AVGO,0.06666666666666667
2026-07-23,TSLA,0.06666666666666667
2026-07-23,JPM,0.06666666666666667
2026-07-23,V,0.06666666666666667
2026-07-23,XOM,0.06666666666666667
2026-07-23,UNH,0.06666666666666667
2026-07-23,MA,0.06666666666666667
2026-07-23,PG,0.06666666666666667
2026-07-23,HD,0.06666666666666667
2026-07-24,AAPL,0.06666666666666667
2026-07-24,MSFT,0.06666666666666667
2026-07-24,NVDA,0.06666666666666667
2026-07-24,AMZN,0.06666666666666667
2026-07-24,META,0.06666666666666667
2026-07-24,GOOGL,0.06666666666666667
2026-07-24,AVGO,0.06666666666666667
2026-07-24,TSLA,0.06666666666666667
2026-07-24,JPM,0.06666666666666667
2026-07-24,V,0.06666666666666667
2026-07-24,XOM,0.06666666666666667
2026-07-24,UNH,0.06666666666666667
2026-07-24,MA,0.06666666666666667
2026-07-24,PG,0.06666666666666667
2026-07-24,HD,0.06666666666666667
2026-07-27,AAPL,0.06666666666666667
2026-07-27,MSFT,0.06666666666666667
2026-07-27,NVDA,0.06666666666666667
2026-07-27,AMZN,0.06666666666666667
2026-07-27,META,0.06666666666666667
2026-07-27,GOOGL,0.06666666666666667
2026-07-27,AVGO,0.06666666666666667
2026-07-27,TSLA,0.06666666666666667
2026-07-27,JPM,0.06666666666666667
2026-07-27,V,0.06666666666666667
2026-07-27,XOM,0.06666666666666667
2026-07-27,UNH,0.06666666666666667
2026-07-27,MA,0.06666666666666667
2026-07-27,PG,0.06666666666666667
2026-07-27,HD,0.06666666666666667
2026-07-28,AAPL,0.06666666666666667
2026-07-28,MSFT,0.06666666666666667
2026-07-28,NVDA,0.06666666666666667
2026-07-28,AMZN,0.06666666666666667
2026-07-28,META,0.06666666666666667
2026-07-28,GOOGL,0.06666666666666667
2026-07-28,AVGO,0.06666666666666667
2026-07-28,TSLA,0.06666666666666667
2026-07-28,JPM,0.06666666666666667
2026-07-28,V,0.06666666666666667
2026-07-28,XOM,0.06666666666666667
2026-07-28,UNH,0.06666666666666667
2026-07-28,MA,0.06666666666666667
2026-07-28,PG,0.06666666666666667
2026-07-28,HD,0.06666666666666667
2026-07-29,AAPL,0.06666666666666667
2026-07-29,MSFT,0.06666666666666667
2026-07-29,NVDA,0.06666666666666667
2026-07-29,AMZN,0.06666666666666667
2026-07-29,META,0.06666666666666667
2026-07-29,GOOGL,0.06666666666666667
2026-07-29,AVGO,0.06666666666666667
2026-07-29,TSLA,0.06666666666666667
2026-07-29,JPM,0.06666666666666667
2026-07-29,V,0.06666666666666667
2026-07-29,XOM,0.06666666666666667
2026-07-29,UNH,0.06666666666666667
2026-07-29,MA,0.06666666666666667
2026-07-29,PG,0.06666666666666667
2026-07-29,HD,0.06666666666666667
2026-07-30,AAPL,0.06666666666666667
2026-07-30,MSFT,0.06666666666666667
2026-07-30,NVDA,0.06666666666666667
2026-07-30,AMZN,0.06666666666666667
2026-07-30,META,0.06666666666666667
2026-07-30,GOOGL,0.06666666666666667
2026-07-30,AVGO,0.06666666666666667
2026-07-30,TSLA,0.06666666666666667
2026-07-30,JPM,0.06666666666666667
2026-07-30,V,0.06666666666666667
2026-07-30,XOM,0.06666666666666667
2026-07-30,UNH,0.06666666666666667
2026-07-30,MA,0.06666666666666667
2026-07-30,PG,0.06666666666666667
2026-07-30,HD,0.06666666666666667
2026-07-31,AAPL,0.06666666666666667
2026-07-31,MSFT,0.06666666666666667
2026-07-31,NVDA,0.06666666666666667
2026-07-31,AMZN,0.06666666666666667
2026-07-31,META,0.06666666666666667
2026-07-31,GOOGL,0.06666666666666667
2026-07-31,AVGO,0.06666666666666667
2026-07-31,TSLA,0.06666666666666667
2026-07-31,JPM,0.06666666666666667
2026-07-31,V,0.06666666666666667
2026-07-31,XOM,0.06666666666666667
2026-07-31,UNH,0.06666666666666667
2026-07-31,MA,0.06666666666666667
2026-07-31,PG,0.06666666666666667
2026-07-31,HD,0.06666666666666667
2026-08-03,AAPL,0.06666666666666667
2026-08-03,MSFT,0.06666666666666667
2026-08-03,NVDA,0.06666666666666667
2026-08-03,AMZN,0.06666666666666667
2026-08-03,META,0.06666666666666667
2026-08-03,GOOGL,0.06666666666666667
2026-08-03,AVGO,0.06666666666666667
2026-08-03,TSLA,0.06666666666666667
2026-08-03,JPM,0.06666666666666667
2026-08-03,V,0.06666666666666667
2026-08-03,XOM,0.06666666666666667
2026-08-03,UNH,0.06666666666666667
2026-08-03,MA,0.06666666666666667
2026-08-03,PG,0.06666666666666667
2026-08-03,HD,0.06666666666666667
2026-08-04,AAPL,0.06666666666666667
2026-08-04,MSFT,0.06666666666666667
2026-08-04,NVDA,0.06666666666666667
2026-08-04,AMZN,0.06666666666666667
2026-08-04,META,0.06666666666666667
2026-08-04,GOOGL,0.06666666666666667
2026-08-04,AVGO,0.06666666666666667
2026-08-04,TSLA,0.06666666666666667
2026-08-04,JPM,0.06666666666666667
2026-08-04,V,0.06666666666666667
2026-08-04,XOM,0.06666666666666667
2026-08-04,UNH,0.06666666666666667
2026-08-04,MA,0.06666666666666667
2026-08-04,PG,0.06666666666666667
2026-08-04,HD,0.06666666666666667
2026-08-05,AAPL,0.06666666666666667
2026-08-05,MSFT,0.06666666666666667
2026-08-05,NVDA,0.06666666666666667
2026-08-05,AMZN,0.06666666666666667
2026-08-05,META,0.06666666666666667
2026-08-05,GOOGL,0.06666666666666667
2026-08-05,AVGO,0.06666666666666667
2026-08-05,TSLA,0.06666666666666667
2026-08-05,JPM,0.06666666666666667
2026-08-05,V,0.06666666666666667
2026-08-05,XOM,0.06666666666666667
2026-08-05,UNH,0.06666666666666667
2026-08-05,MA,0.06666666666666667
2026-08-05,PG,0.06666666666666667
2026-08-05,HD,0.06666666666666667
2026-08-06,AAPL,0.06666666666666667
2026-08-06,MSFT,0.06666666666666667
2026-08-06,NVDA,0.06666666666666667
2026-08-06,AMZN,0.06666666666666667
2026-08-06,META,0.06666666666666667
2026-08-06,GOOGL,0.06666666666666667
2026-08-06,AVGO,0.06666666666666667
2026-08-06,TSLA,0.06666666666666667
2026-08-06,JPM,0.06666666666666667
2026-08-06,V,0.06666666666666667
2026-08-06,XOM,0.06666666666666667
2026-08-06,UNH,0.06666666666666667
2026-08-06,MA,0.06666666666666667
2026-08-06,PG,0.06666666666666667
2026-08-06,HD,0.06666666666666667
2026-08-07,AAPL,0.06666666666666667
2026-08-07,MSFT,0.06666666666666667
2026-08-07,NVDA,0.06666666666666667
2026-08-07,AMZN,0.06666666666666667
2026-08-07,META,0.06666666666666667
2026-08-07,GOOGL,0.06666666666666667
2026-08-07,AVGO,0.06666666666666667
2026-08-07,TSLA,0.06666666666666667
2026-08-07,JPM,0.06666666666666667
2026-08-07,V,0.06666666666666667
2026-08-07,XOM,0.06666666666666667
2026-08-07,UNH,0.06666666666666667
2026-08-07,MA,0.06666666666666667
2026-08-07,PG,0.06666666666666667
2026-08-07,HD,0.06666666666666667
2026-08-10,AAPL,0.06666666666666667
2026-08-10,MSFT,0.06666666666666667
2026-08-10,NVDA,0.06666666666666667
2026-08-10,AMZN,0.06666666666666667
2026-08-10,META,0.06666666666666667
2026-08-10,GOOGL,0.06666666666666667
2026-08-10,AVGO,0.06666666666666667
2026-08-10,TSLA,0.06666666666666667
2026-08-10,JPM,0.06666666666666667
2026-08-10,V,0.06666666666666667
2026-08-10,XOM,0.06666666666666667
2026-08-10,UNH,0.06666666666666667
2026-08-10,MA,0.06666666666666667
2026-08-10,PG,0.06666666666666667
2026-08-10,HD,0.06666666666666667
2026-08-11,AAPL,0.06666666666666667
2026-08-11,MSFT,0.06666666666666667
2026-08-11,NVDA,0.06666666666666667
2026-08-11,AMZN,0.06666666666666667
2026-08-11,META,0.06666666666666667
2026-08-11,GOOGL,0.06666666666666667
2026-08-11,AVGO,0.06666666666666667
2026-08-11,TSLA,0.06666666666666667
2026-08-11,JPM,0.06666666666666667
2026-08-11,V,0.06666666666666667
2026-08-11,XOM,0.06666666666666667
2026-08-11,UNH,0.06666666666666667
2026-08-11,MA,0.06666666666666667
2026-08-11,PG,0.06666666666666667
2026-08-11,HD,0.06666666666666667
2026-08-12,AAPL,0.06666666666666667
2026-08-12,MSFT,0.06666666666666667
2026-08-12,NVDA,0.06666666666666667
2026-08-12,AMZN,0.06666666666666667
2026-08-12,META,0.06666666666666667
2026-08-12,GOOGL,0.06666666666666667
2026-08-12,AVGO,0.06666666666666667
2026-08-12,TSLA,0.06666666666666667
2026-08-12,JPM,0.06666666666666667
2026-08-12,V,0.06666666666666667
2026-08-12,XOM,0.06666666666666667
2026-08-12,UNH,0.06666666666666667
2026-08-12,MA,0.06666666666666667
2026-08-12,PG,0.06666666666666667
2026-08-12,HD,0.06666666666666667
2026-08-13,AAPL,0.06666666666666667
2026-08-13,MSFT,0.06666666666666667
2026-08-13,NVDA,0.06666666666666667
2026-08-13,AMZN,0.06666666666666667
2026-08-13,META,0.06666666666666667
2026-08-13,GOOGL,0.06666666666666667
2026-08-13,AVGO,0.06666666666666667
2026-08-13,TSLA,0.06666666666666667
2026-08-13,JPM,0.06666666666666667
2026-08-13,V,0.06666666666666667
2026-08-13,XOM,0.06666666666666667
2026-08-13,UNH,0.06666666666666667
2026-08-13,MA,0.06666666666666667
2026-08-13,PG,0.06666666666666667
2026-08-13,HD,0.06666666666666667
2026-08-14,AAPL,0.06666666666666667
2026-08-14,MSFT,0.06666666666666667
2026-08-14,NVDA,0.06666666666666667
2026-08-14,AMZN,0.06666666666666667
2026-08-14,META,0.06666666666666667
2026-08-14,GOOGL,0.06666666666666667
2026-08-14,AVGO,0.06666666666666667
2026-08-14,TSLA,0.06666666666666667
2026-08-14,JPM,0.06666666666666667
2026-08-14,V,0.06666666666666667
2026-08-14,XOM,0.06666666666666667
2026-08-14,UNH,0.06666666666666667
2026-08-14,MA,0.06666666666666667
2026-08-14,PG,0.06666666666666667
2026-08-14,HD,0.06666666666666667
2026-08-17,AAPL,0.06666666666666667
2026-08-17,MSFT,0.06666666666666667
2026-08-17,NVDA,0.06666666666666667
2026-08-17,AMZN,0.06666666666666667
2026-08-17,META,0.06666666666666667
2026-08-17,GOOGL,0.06666666666666667
2026-08-17,AVGO,0.06666666666666667
2026-08-17,TSLA,0.06666666666666667
2026-08-17,JPM,0.06666666666666667
2026-08-17,V,0.06666666666666667
2026-08-17,XOM,0.06666666666666667
2026-08-17,UNH,0.06666666666666667
2026-08-17,MA,0.06666666666666667
2026-08-17,PG,0.06666666666666667
2026-08-17,HD,0.06666666666666667
2026-08-18,AAPL,0.06666666666666667
2026-08-18,MSFT,0.06666666666666667
2026-08-18,NVDA,0.06666666666666667
2026-08-18,AMZN,0.06666666666666667
2026-08-18,META,0.06666666666666667
2026-08-18,GOOGL,0.06666666666666667
2026-08-18,AVGO,0.06666666666666667
2026-08-18,TSLA,0.06666666666666667
2026-08-18,JPM,0.06666666666666667
2026-08-18,V,0.06666666666666667
2026-08-18,XOM,0.06666666666666667
2026-08-18,UNH,0.06666666666666667
2026-08-18,MA,0.06666666666666667
2026-08-18,PG,0.06666666666666667
2026-08-18,HD,0.06666666666666667
2026-08-19,AAPL,0.06666666666666667
2026-08-19,MSFT,0.06666666666666667
2026-08-19,NVDA,0.06666666666666667
2026-08-19,AMZN,0.06666666666666667
2026-08-19,META,0.06666666666666667
2026-08-19,GOOGL,0.06666666666666667
2026-08-19,AVGO,0.06666666666666667
2026-08-19,TSLA,0.06666666666666667
2026-08-19,JPM,0.06666666666666667
2026-08-19,V,0.06666666666666667
2026-08-19,XOM,0.06666666666666667
2026-08-19,UNH,0.06666666666666667
2026-08-19,MA,0.06666666666666667
2026-08-19,PG,0.06666666666666667
2026-08-19,HD,0.06666666666666667
2026-08-20,AAPL,0.06666666666666667
2026-08-20,MSFT,0.06666666666666667
2026-08-20,NVDA,0.06666666666666667
2026-08-20,AMZN,0.06666666666666667
2026-08-20,META,0.06666666666666667
2026-08-20,GOOGL,0.06666666666666667
2026-08-20,AVGO,0.06666666666666667
2026-08-20,TSLA,0.06666666666666667
2026-08-20,JPM,0.06666666666666667
2026-08-20,V,0.06666666666666667
2026-08-20,XOM,0.06666666666666667
2026-08-20,UNH,0.06666666666666667
2026-08-20,MA,0.06666666666666667
2026-08-20,PG,0.06666666666666667
2026-08-20,HD,0.06666666666666667
2026-08-21,AAPL,0.06666666666666667
2026-08-21,MSFT,0.06666666666666667
2026-08-21,NVDA,0.06666666666666667
2026-08-21,AMZN,0.06666666666666667
2026-08-21,META,0.06666666666666667
2026-08-21,GOOGL,0.06666666666666667
2026-08-21,AVGO,0.06666666666666667
2026-08-21,TSLA,0.06666666666666667
2026-08-21,JPM,0.06666666666666667
2026-08-21,V,0.06666666666666667
2026-08-21,XOM,0.06666666666666667
2026-08-21,UNH,0.06666666666666667
2026-08-21,MA,0.06666666666666667
2026-08-21,PG,0.06666666666666667
2026-08-21,HD,0.06666666666666667
2026-08-24,AAPL,0.06666666666666667
2026-08-24,MSFT,0.06666666666666667
2026-08-24,NVDA,0.06666666666666667
2026-08-24,AMZN,0.06666666666666667
2026-08-24,META,0.06666666666666667
2026-08-24,GOOGL,0.06666666666666667
2026-08-24,AVGO,0.06666666666666667
2026-08-24,TSLA,0.06666666666666667
2026-08-24,JPM,0.06666666666666667
2026-08-24,V,0.06666666666666667
2026-08-24,XOM,0.06666666666666667
2026-08-24,UNH,0.06666666666666667
2026-08-24,MA,0.06666666666666667
2026-08-24,PG,0.06666666666666667
2026-08-24,HD,0.06666666666666667
2026-08-25,AAPL,0.06666666666666667
2026-08-25,MSFT,0.06666666666666667
2026-08-25,NVDA,0.06666666666666667
2026-08-25,AMZN,0.06666666666666667
2026-08-25,META,0.06666666666666667
2026-08-25,GOOGL,0.06666666666666667
2026-08-25,AVGO,0.06666666666666667
2026-08-25,TSLA,0.06666666666666667
2026-08-25,JPM,0.06666666666666667
2026-08-25,V,0.06666666666666667
2026-08-25,XOM,0.06666666666666667
2026-08-25,UNH,0.06666666666666667
2026-08-25,MA,0.06666666666666667
2026-08-25,PG,0.06666666666666667
2026-08-25,HD,0.06666666666666667
2026-08-26,AAPL,0.06666666666666667
2026-08-26,MSFT,0.06666666666666667
2026-08-26,NVDA,0.06666666666666667
2026-08-26,AMZN,0.06666666666666667
2026-08-26,META,0.06666666666666667
2026-08-26,GOOGL,0.06666666666666667
2026-08-26,AVGO,0.06666666666666667
2026-08-26,TSLA,0.06666666666666667
2026-08-26,JPM,0.06666666666666667
2026-08-26,V,0.06666666666666667
2026-08-26,XOM,0.06666666666666667
2026-08-26,UNH,0.06666666666666667
2026-08-26,MA,0.06666666666666667
2026-08-26,PG,0.06666666666666667
2026-08-26,HD,0.06666666666666667
2026-08-27,AAPL,0.06666666666666667
2026-08-27,MSFT,0.06666666666666667
2026-08-27,NVDA,0.06666666666666667
2026-08-27,AMZN,0.06666666666666667
2026-08-27,META,0.06666666666666667
2026-08-27,GOOGL,0.06666666666666667
2026-08-27,AVGO,0.06666666666666667
2026-08-27,TSLA,0.06666666666666667
2026-08-27,JPM,0.06666666666666667
2026-08-27,V,0.06666666666666667
2026-08-27,XOM,0.06666666666666667
2026-08-27,UNH,0.06666666666666667
2026-08-27,MA,0.06666666666666667
2026-08-27,PG,0.06666666666666667
2026-08-27,HD,0.06666666666666667
2026-08-28,AAPL,0.06666666666666667
2026-08-28,MSFT,0.06666666666666667
2026-08-28,NVDA,0.06666666666666667
2026-08-28,AMZN,0.06666666666666667
2026-08-28,META,0.06666666666666667
2026-08-28,GOOGL,0.06666666666666667
2026-08-28,AVGO,0.06666666666666667
2026-08-28,TSLA,0.06666666666666667
2026-08-28,JPM,0.06666666666666667
2026-08-28,V,0.06666666666666667
2026-08-28,XOM,0.06666666666666667
2026-08-28,UNH,0.06666666666666667
2026-08-28,MA,0.06666666666666667
2026-08-28,PG,0.06666666666666667
2026-08-28,HD,0.06666666666666667
2026-08-31,AAPL,0.06666666666666667
2026-08-31,MSFT,0.06666666666666667
2026-08-31,NVDA,0.06666666666666667
2026-08-31,AMZN,0.06666666666666667
2026-08-31,META,0.06666666666666667
2026-08-31,GOOGL,0.06666666666666667
2026-08-31,AVGO,0.06666666666666667
2026-08-31,TSLA,0.06666666666666667
2026-08-31,JPM,0.06666666666666667
2026-08-31,V,0.06666666666666667
2026-08-31,XOM,0.06666666666666667
2026-08-31,UNH,0.06666666666666667
2026-08-31,MA,0.06666666666666667
2026-08-31,PG,0.06666666666666667
2026-08-31,HD,0.06666666666666667
2026-09-01,AAPL,0.06666666666666667
2026-09-01,MSFT,0.06666666666666667
2026-09-01,NVDA,0.06666666666666667
2026-09-01,AMZN,0.06666666666666667
2026-09-01,META,0.06666666666666667
2026-09-01,GOOGL,0.06666666666666667
2026-09-01,AVGO,0.06666666666666667
2026-09-01,TSLA,0.06666666666666667
2026-09-01,JPM,0.06666666666666667
2026-09-01,V,0.06666666666666667
2026-09-01,XOM,0.06666666666666667
2026-09-01,UNH,0.06666666666666667
2026-09-01,MA,0.06666666666666667
2026-09-01,PG,0.06666666666666667
2026-09-01,HD,0.06666666666666667
2026-09-02,AAPL,0.06666666666666667
2026-09-02,MSFT,0.06666666666666667
2026-09-02,NVDA,0.06666666666666667
2026-09-02,AMZN,0.06666666666666667
2026-09-02,META,0.06666666666666667
2026-09-02,GOOGL,0.06666666666666667
2026-09-02,AVGO,0.06666666666666667
2026-09-02,TSLA,0.06666666666666667
2026-09-02,JPM,0.06666666666666667
2026-09-02,V,0.06666666666666667
2026-09-02,XOM,0.06666666666666667
2026-09-02,UNH,0.06666666666666667
2026-09-02,MA,0.06666666666666667
2026-09-02,PG,0.06666666666666667
2026-09-02,HD,0.06666666666666667
2026-09-03,AAPL,0.06666666666666667
2026-09-03,MSFT,0.06666666666666667
2026-09-03,NVDA,0.06666666666666667
2026-09-03,AMZN,0.06666666666666667
2026-09-03,META,0.06666666666666667
2026-09-03,GOOGL,0.06666666666666667
2026-09-03,AVGO,0.06666666666666667
2026-09-03,TSLA,0.06666666666666667
2026-09-03,JPM,0.06666666666666667
2026-09-03,V,0.06666666666666667
2026-09-03,XOM,0.06666666666666667
2026-09-03,UNH,0.06666666666666667
2026-09-03,MA,0.06666666666666667
2026-09-03,PG,0.06666666666666667
2026-09-03,HD,0.06666666666666667
2026-09-04,AAPL,0.06666666666666667
2026-09-04,MSFT,0.06666666666666667
2026-09-04,NVDA,0.06666666666666667
2026-09-04,AMZN,0.06666666666666667
2026-09-04,META,0.06666666666666667
2026-09-04,GOOGL,0.06666666666666667
2026-09-04,AVGO,0.06666666666666667
2026-09-04,TSLA,0.06666666666666667
2026-09-04,JPM,0.06666666666666667
2026-09-04,V,0.06666666666666667
2026-09-04,XOM,0.06666666666666667
2026-09-04,UNH,0.06666666666666667
2026-09-04,MA,0.06666666666666667
2026-09-04,PG,0.06666666666666667
2026-09-04,HD,0.06666666666666667
2026-09-08,AAPL,0.06666666666666667
2026-09-08,MSFT,0.06666666666666667
2026-09-08,NVDA,0.06666666666666667
2026-09-08,AMZN,0.06666666666666667
2026-09-08,META,0.06666666666666667
2026-09-08,GOOGL,0.06666666666666667
2026-09-08,AVGO,0.06666666666666667
2026-09-08,TSLA,0.06666666666666667
2026-09-08,JPM,0.06666666666666667
2026-09-08,V,0.06666666666666667
2026-09-08,XOM,0.06666666666666667
2026-09-08,UNH,0.06666666666666667
2026-09-08,MA,0.06666666666666667
2026-09-08,PG,0.06666666666666667
2026-09-08,HD,0.06666666666666667
2026-09-09,AAPL,0.06666666666666667
2026-09-09,MSFT,0.06666666666666667
2026-09-09,NVDA,0.06666666666666667
2026-09-09,AMZN,0.06666666666666667
2026-09-09,META,0.06666666666666667
2026-09-09,GOOGL,0.06666666666666667
2026-09-09,AVGO,0.06666666666666667
2026-09-09,TSLA,0.06666666666666667
2026-09-09,JPM,0.06666666666666667
2026-09-09,V,0.06666666666666667
2026-09-09,XOM,0.06666666666666667
2026-09-09,UNH,0.06666666666666667
2026-09-09,MA,0.06666666666666667
2026-09-09,PG,0.06666666666666667
2026-09-09,HD,0.06666666666666667
2026-09-10,AAPL,0.06666666666666667
2026-09-10,MSFT,0.06666666666666667
2026-09-10,NVDA,0.06666666666666667
2026-09-10,AMZN,0.06666666666666667
2026-09-10,META,0.06666666666666667
2026-09-10,GOOGL,0.06666666666666667
2026-09-10,AVGO,0.06666666666666667
2026-09-10,TSLA,0.06666666666666667
2026-09-10,JPM,0.06666666666666667
2026-09-10,V,0.06666666666666667
2026-09-10,XOM,0.06666666666666667
2026-09-10,UNH,0.06666666666666667
2026-09-10,MA,0.06666666666666667
2026-09-10,PG,0.06666666666666667
2026-09-10,HD,0.06666666666666667
2026-09-11,AAPL,0.06666666666666667
2026-09-11,MSFT,0.06666666666666667
2026-09-11,NVDA,0.06666666666666667
2026-09-11,AMZN,0.06666666666666667
2026-09-11,META,0.06666666666666667
2026-09-11,GOOGL,0.06666666666666667
2026-09-11,AVGO,0.06666666666666667
2026-09-11,TSLA,0.06666666666666667
2026-09-11,JPM,0.06666666666666667
2026-09-11,V,0.06666666666666667
2026-09-11,XOM,0.06666666666666667
2026-09-11,UNH,0.06666666666666667
2026-09-11,MA,0.06666666666666667
2026-09-11,PG,0.06666666666666667
2026-09-11,HD,0.06666666666666667
2026-09-14,AAPL,0.06666666666666667
2026-09-14,MSFT,0.06666666666666667
2026-09-14,NVDA,0.06666666666666667
2026-09-14,AMZN,0.06666666666666667
2026-09-14,META,0.06666666666666667
2026-09-14,GOOGL,0.06666666666666667
2026-09-14,AVGO,0.06666666666666667
2026-09-14,TSLA,0.06666666666666667
2026-09-14,JPM,0.06666666666666667
2026-09-14,V,0.06666666666666667
2026-09-14,XOM,0.06666666666666667
2026-09-14,UNH,0.06666666666666667
2026-09-14,MA,0.06666666666666667
2026-09-14,PG,0.06666666666666667
2026-09-14,HD,0.06666666666666667
2026-09-15,AAPL,0.06666666666666667
2026-09-15,MSFT,0.06666666666666667
2026-09-15,NVDA,0.06666666666666667
2026-09-15,AMZN,0.06666666666666667
2026-09-15,META,0.06666666666666667
2026-09-15,GOOGL,0.06666666666666667
2026-09-15,AVGO,0.06666666666666667
2026-09-15,TSLA,0.06666666666666667
2026-09-15,JPM,0.06666666666666667
2026-09-15,V,0.06666666666666667
2026-09-15,XOM,0.06666666666666667
2026-09-15,UNH,0.06666666666666667
2026-09-15,MA,0.06666666666666667
2026-09-15,PG,0.06666666666666667
2026-09-15,HD,0.06666666666666667
2026-09-16,AAPL,0.06666666666666667
2026-09-16,MSFT,0.06666666666666667
2026-09-16,NVDA,0.06666666666666667
2026-09-16,AMZN,0.06666666666666667
2026-09-16,META,0.06666666666666667
2026-09-16,GOOGL,0.06666666666666667
2026-09-16,AVGO,0.06666666666666667
2026-09-16,TSLA,0.06666666666666667
2026-09-16,JPM,0.06666666666666667
2026-09-16,V,0.06666666666666667
2026-09-16,XOM,0.06666666666666667
2026-09-16,UNH,0.06666666666666667
2026-09-16,MA,0.06666666666666667
2026-09-16,PG,0.06666666666666667
2026-09-16,HD,0.06666666666666667
2026-09-17,AAPL,0.06666666666666667
2026-09-17,MSFT,0.06666666666666667
2026-09-17,NVDA,0.06666666666666667
2026-09-17,AMZN,0.06666666666666667
2026-09-17,META,0.06666666666666667
2026-09-17,GOOGL,0.06666666666666667
2026-09-17,AVGO,0.06666666666666667
2026-09-17,TSLA,0.06666666666666667
2026-09-17,JPM,0.06666666666666667
2026-09-17,V,0.06666666666666667
2026-09-17,XOM,0.06666666666666667
2026-09-17,UNH,0.06666666666666667
2026-09-17,MA,0.06666666666666667
2026-09-17,PG,0.06666666666666667
2026-09-17,HD,0.06666666666666667
2026-09-18,AAPL,0.06666666666666667
2026-09-18,MSFT,0.06666666666666667
2026-09-18,NVDA,0.06666666666666667
2026-09-18,AMZN,0.06666666666666667
2026-09-18,META,0.06666666666666667
2026-09-18,GOOGL,0.06666666666666667
2026-09-18,AVGO,0.06666666666666667
2026-09-18,TSLA,0.06666666666666667
2026-09-18,JPM,0.06666666666666667
2026-09-18,V,0.06666666666666667
2026-09-18,XOM,0.06666666666666667
2026-09-18,UNH,0.06666666666666667
2026-09-18,MA,0.06666666666666667
2026-09-18,PG,0.06666666666666667
2026-09-18,HD,0.06666666666666667
2026-09-21,AAPL,0.06666666666666667
2026-09-21,MSFT,0.06666666666666667
2026-09-21,NVDA,0.06666666666666667
2026-09-21,AMZN,0.06666666666666667
2026-09-21,META,0.06666666666666667
2026-09-21,GOOGL,0.06666666666666667
2026-09-21,AVGO,0.06666666666666667
2026-09-21,TSLA,0.06666666666666667
2026-09-21,JPM,0.06666666666666667
2026-09-21,V,0.06666666666666667
2026-09-21,XOM,0.06666666666666667
2026-09-21,UNH,0.06666666666666667
2026-09-21,MA,0.06666666666666667
2026-09-21,PG,0.06666666666666667
2026-09-21,HD,0.06666666666666667
2026-09-22,AAPL,0.06666666666666667
2026-09-22,MSFT,0.06666666666666667
2026-09-22,NVDA,0.06666666666666667
2026-09-22,AMZN,0.06666666666666667
2026-09-22,META,0.06666666666666667
2026-09-22,GOOGL,0.06666666666666667
2026-09-22,AVGO,0.06666666666666667
2026-09-22,TSLA,0.06666666666666667
2026-09-22,JPM,0.06666666666666667
2026-09-22,V,0.06666666666666667
2026-09-22,XOM,0.06666666666666667
2026-09-22,UNH,0.06666666666666667
2026-09-22,MA,0.06666666666666667
2026-09-22,PG,0.06666666666666667
2026-09-22,HD,0.06666666666666667
2026-09-23,AAPL,0.06666666666666667
2026-09-23,MSFT,0.06666666666666667
2026-09-23,NVDA,0.06666666666666667
2026-09-23,AMZN,0.06666666666666667
2026-09-23,META,0.06666666666666667
2026-09-23,GOOGL,0.06666666666666667
2026-09-23,AVGO,0.06666666666666667
2026-09-23,TSLA,0.06666666666666667
2026-09-23,JPM,0.06666666666666667
2026-09-23,V,0.06666666666666667
2026-09-23,XOM,0.06666666666666667
2026-09-23,UNH,0.06666666666666667
2026-09-23,MA,0.06666666666666667
2026-09-23,PG,0.06666666666666667
2026-09-23,HD,0.06666666666666667
2026-09-24,AAPL,0.06666666666666667
2026-09-24,MSFT,0.06666666666666667
2026-09-24,NVDA,0.06666666666666667
2026-09-24,AMZN,0.06666666666666667
2026-09-24,META,0.06666666666666667
2026-09-24,GOOGL,0.06666666666666667
2026-09-24,AVGO,0.06666666666666667
2026-09-24,TSLA,0.06666666666666667
2026-09-24,JPM,0.06666666666666667
2026-09-24,V,0.06666666666666667
2026-09-24,XOM,0.06666666666666667
2026-09-24,UNH,0.06666666666666667
2026-09-24,MA,0.06666666666666667
2026-09-24,PG,0.06666666666666667
2026-09-24,HD,0.06666666666666667
2026-09-25,AAPL,0.06666666666666667
2026-09-25,MSFT,0.06666666666666667
2026-09-25,NVDA,0.06666666666666667
2026-09-25,AMZN,0.06666666666666667
2026-09-25,META,0.06666666666666667
2026-09-25,GOOGL,0.06666666666666667
2026-09-25,AVGO,0.06666666666666667
2026-09-25,TSLA,0.06666666666666667
2026-09-25,JPM,0.06666666666666667
2026-09-25,V,0.06666666666666667
2026-09-25,XOM,0.06666666666666667
2026-09-25,UNH,0.06666666666666667
2026-09-25,MA,0.06666666666666667
2026-09-25,PG,0.06666666666666667
2026-09-25,HD,0.06666666666666667
2026-09-28,AAPL,0.06666666666666667
2026-09-28,MSFT,0.06666666666666667
2026-09-28,NVDA,0.06666666666666667
2026-09-28,AMZN,0.06666666666666667
2026-09-28,META,0.06666666666666667
2026-09-28,GOOGL,0.06666666666666667
2026-09-28,AVGO,0.06666666666666667
2026-09-28,TSLA,0.06666666666666667
2026-09-28,JPM,0.06666666666666667
2026-09-28,V,0.06666666666666667
2026-09-28,XOM,0.06666666666666667
2026-09-28,UNH,0.06666666666666667
2026-09-28,MA,0.06666666666666667
2026-09-28,PG,0.06666666666666667
2026-09-28,HD,0.06666666666666667
2026-09-29,AAPL,0.06666666666666667
2026-09-29,MSFT,0.06666666666666667
2026-09-29,NVDA,0.06666666666666667
2026-09-29,AMZN,0.06666666666666667
2026-09-29,META,0.06666666666666667
2026-09-29,GOOGL,0.06666666666666667
2026-09-29,AVGO,0.06666666666666667
2026-09-29,TSLA,0.06666666666666667
2026-09-29,JPM,0.06666666666666667
2026-09-29,V,0.06666666666666667
2026-09-29,XOM,0.06666666666666667
2026-09-29,UNH,0.06666666666666667
2026-09-29,MA,0.06666666666666667
2026-09-29,PG,0.06666666666666667
2026-09-29,HD,0.06666666666666667
2026-09-30,AAPL,0.08717737107919774
2026-09-30,MSFT,0.058118247386131826
2026-09-30,NVDA,0.04323997605528208
2026-09-30,AMZN,0.11623649477226365
2026-09-30,META,0.058118247386131826
2026-09-30,GOOGL,0.058118247386131826
2026-09-30,AVGO,0.024880421706003037
2026-09-30,TSLA,0.058118247386131826
2026-09-30,JPM,0.08987405775791425
2026-09-30,V,0.058118247386131826
2026-09-30,XOM,0.058118247386131826
2026-09-30,UNH,0.058118247386131826
2026-09-30,MA,0.058118247386131826
2026-09-30,PG,0.11552745215415285
2026-09-30,HD,0.058118247386131826
2026-10-01,AAPL,0.0963496733364138
2026-10-01,MSFT,0.0654029045861579
2026-10-01,NVDA,0.1213012733153576
2026-10-01,AMZN,0.1754683542823052
2026-10-01,META,0.0877341771411526
2026-10-01,GOOGL,0.04623006240824467
2026-10-01,AVGO,0.01506688268770728
2026-10-01,TSLA,0.006240824467307326
2026-10-01,JPM,0.020126220236180412
2026-10-01,V,0.0877341771411526
2026-10-01,XOM,0.006088751893595983
2026-10-01,UNH,0.04440226705113733
2026-10-01,MA,0.007229296196430977
2026-10-01,PG,0.17439799732118316
2026-10-01,HD,0.04622713793567331
